AA_INKEY,AA_CODE,AA_HELM_CODE,AA_CLASS,AA_SMILES,AA_SELFIES,AA_CHIRAL,AA_CHG,AA_ARO,AA_HAL,MC_TYPE,MC_NMOD,MC_LEN,MC_NCYC,MC_CYC,MC_STEREO,MC_ROT,SC_SMILES,SC_SELFIES,SC_BULK,SC_STEREO,SC_ROT,SC_METAL,SC_HBD,SC_HBA
BEVGHNASNHZVAX-MRVPVSSYSA-N,A01,[A01],I,CCC(C)(C)[C@H](NC(C)=O)C(=O)NC,[C][C][C][Branch1][C][C][Branch1][C][C][C@H1][Branch1][#Branch1][N][C][Branch1][C][C][=O][C][=Branch1][C][=O][N][C],L,neu,0,0,alpha,NO,std,0,0,1,2,CCC(C)C,[C][C][C][Branch1][C][C][C],large,0,2,0,0,0
QVSDVIJQXZTBCC-SSDOTTSWSA-N,A02,[A02],L,CNC(=O)[C@@H](NC(C)=O)C(C)(C)C,[C][N][C][=Branch1][C][=O][C@@H1][Branch1][#Branch1][N][C][Branch1][C][C][=O][C][Branch1][C][C][Branch1][C][C][C],L,neu,0,0,alpha,NO,std,0,0,1,2,CC(C)C,[C][C][Branch1][C][C][C],med,0,1,0,0,0
WBWHPRIRMZBNRG-QMMMGPOBSA-N,A03,[A03],L,CNC(=O)[C@H](CC(C)(C)C)NC(C)=O,[C][N][C][=Branch1][C][=O][C@H1][Branch1][#Branch2][C][C][Branch1][C][C][Branch1][C][C][C][N][C][Branch1][C][C][=O],L,neu,0,0,alpha,NO,std,0,0,1,2,CC(C)(C)C,[C][C][Branch1][C][C][Branch1][C][C][C],large,0,2,0,0,0
XPZOUUXFUBLQSE-VIFPVBQESA-N,A04,[A04],I,CCC(CC)[C@H](NC(C)=O)C(=O)NC,[C][C][C][Branch1][Ring1][C][C][C@H1][Branch1][#Branch1][N][C][Branch1][C][C][=O][C][=Branch1][C][=O][N][C],L,neu,0,0,alpha,NO,std,0,0,1,2,CCCCC,[C][C][C][C][C],large,0,3,0,0,0
PXSAZTKOYWGOKT-UHFFFAOYSA-N,I01,[I01],A,CNC(=O)C1(NC(C)=O)CC1,[C][N][C][=Branch1][C][=O][C][Branch1][#Branch1][N][C][Branch1][C][C][=O][C][C][Ring1][#Branch1],A,neu,0,0,alpha,NO,std,0,0,0,2,CC,[C][C],small,0,0,0,0,0
VFPIEHZHPRLCOB-SVRRBLITSA-N,A05,[A05],I,CC[C@@H](C)[C@H](NC(C)=O)C(=O)NC,[C][C][C@@H1][Branch1][C][C][C@H1][Branch1][#Branch1][N][C][Branch1][C][C][=O][C][=Branch1][C][=O][N][C],L,neu,0,0,alpha,NO,std,0,0,1,2,CCCC,[C][C][C][C],med,1,2,0,0,0
GFQFFCFJVLJXRY-QMMMGPOBSA-N,A06,[A06],L,CNC(=O)[C@H](CC(C)C)NC(C)=O,[C][N][C][=Branch1][C][=O][C@H1][Branch1][#Branch1][C][C][Branch1][C][C][C][N][C][Branch1][C][C][=O],L,neu,0,0,alpha,NO,std,0,0,1,2,CC(C)C,[C][C][Branch1][C][C][C],med,0,2,0,0,0
FJMAXCRRCJSCIE-UHFFFAOYSA-N,I02,[I02],G,CNC(=O)CNC(C)=O,[C][N][C][=Branch1][C][=O][C][N][C][Branch1][C][C][=O],A,neu,0,0,alpha,NO,std,0,0,0,2,[H],,small,0,0,0,0,0
VHCVPWSUVMHJLL-BYPYZUCNSA-N,A07,[A07],A,CNC(=O)[C@H](C)NC(C)=O,[C][N][C][=Branch1][C][=O][C@H1][Branch1][C][C][N][C][Branch1][C][C][=O],L,neu,0,0,alpha,NO,std,0,0,1,2,C,[C],small,0,0,0,0,0
CERMWOUCIZTOBO-ZETCQYMHSA-N,A08,[A08],V,CNC(=O)[C@@H](NC(C)=O)C(C)C,[C][N][C][=Branch1][C][=O][C@@H1][Branch1][#Branch1][N][C][Branch1][C][C][=O][C][Branch1][C][C][C],L,neu,0,0,alpha,NO,std,0,0,1,2,CCC,[C][C][C],small,0,1,0,0,0
RLHSJVFEMKHRDJ-NSHDSACASA-N,A09,[A09],F,CNC(=O)[C@H](Cc1ccccc1)NC(C)=O,[C][N][C][=Branch1][C][=O][C@H1][Branch1][#Branch2][C][C][=C][C][=C][C][=C][Ring1][=Branch1][N][C][Branch1][C][C][=O],L,neu,1,0,alpha,NO,std,0,0,1,2,Cc1ccccc1,[C][C][=C][C][=C][C][=C][Ring1][=Branch1],large,0,2,0,0,0
DPDXFAYSYVRXMF-ZETCQYMHSA-N,a01,[a01],P,CNC(=O)[C@@H]1CCCN1C(C)=O,[C][N][C][=Branch1][C][=O][C@@H1][C][C][C][N][Ring1][Branch1][C][Branch1][C][C][=O],L,neu,0,0,alpha,NCY,std,1,0,1,1,C1CCNC1,[C][C][C][N][C][Ring1][Branch1],small,0,0,0,0,0
XHXVYFQPPBSUPK-LBPRGKRZSA-N,A10,[A10],F,CNC(=O)[C@H](Cc1ccc(C)cc1)NC(C)=O,[C][N][C][=Branch1][C][=O][C@H1][Branch1][=N][C][C][=C][C][=C][Branch1][C][C][C][=C][Ring1][#Branch1][N][C][Branch1][C][C][=O],L,neu,1,0,alpha,NO,std,0,0,1,2,Cc1ccc(C)cc1,[C][C][=C][C][=C][Branch1][C][C][C][=C][Ring1][#Branch1],large,0,2,0,0,0
BFJRNXLFTPONKA-LURJTMIESA-N,a02,[a02],P,CNC(=O)[C@@H]1CCN1C(C)=O,[C][N][C][=Branch1][C][=O][C@@H1][C][C][N][Ring1][Ring2][C][Branch1][C][C][=O],L,neu,0,0,alpha,NCY,std,1,0,1,1,C1CNC1,[C][C][N][C][Ring1][Ring2],small,0,0,0,0,0
OCQPJRBPPHXLQT-UHFFFAOYSA-N,I03,[I03],I,CNC(=O)C1(NC(C)=O)CCCC1,[C][N][C][=Branch1][C][=O][C][Branch1][#Branch1][N][C][Branch1][C][C][=O][C][C][C][C][Ring1][=Branch2],A,neu,0,0,alpha,NO,std,0,0,0,2,CCCC,[C][C][C][C],med,0,0,0,0,0
UTBVVXBKAVTRMG-UHFFFAOYSA-N,I04,[I04],V,CNC(=O)C1(NC(C)=O)CCC1,[C][N][C][=Branch1][C][=O][C][Branch1][#Branch1][N][C][Branch1][C][C][=O][C][C][C][Ring1][Branch2],A,neu,0,0,alpha,NO,std,0,0,0,2,CCC,[C][C][C],small,0,0,0,0,0
GUQAMTZIPHETKH-UHFFFAOYSA-N,I05,[I05],I,CNC(=O)C1(NC(C)=O)CCCCC1,[C][N][C][=Branch1][C][=O][C][Branch1][#Branch1][N][C][Branch1][C][C][=O][C][C][C][C][C][Ring1][#Branch2],A,neu,0,0,alpha,NO,std,0,0,0,2,CCCCC,[C][C][C][C][C],large,0,0,0,0,0
YZCLJGILMWIUIE-UHFFFAOYSA-N,I06,[I06],I,CNC(=O)C1(NC(C)=O)CCCCCC1,[C][N][C][=Branch1][C][=O][C][Branch1][#Branch1][N][C][Branch1][C][C][=O][C][C][C][C][C][C][Ring1][O],A,neu,0,0,alpha,NO,std,0,0,0,2,CCCCCC,[C][C][C][C][C][C],large,0,0,0,0,0
BHLCOPITFXINNL-ZETCQYMHSA-N,A11,[A11],V,CNC(=O)[C@@H](NC(C)=O)C1CC1,[C][N][C][=Branch1][C][=O][C@@H1][Branch1][#Branch1][N][C][Branch1][C][C][=O][C][C][C][Ring1][Ring1],L,neu,0,0,alpha,NO,std,0,0,1,2,C1CC1,[C][C][C][Ring1][Ring1],small,0,1,0,0,0
UFHYWZDOHBRHMW-QMMMGPOBSA-N,A12,[A12],I,CNC(=O)[C@@H](NC(C)=O)C1CCC1,[C][N][C][=Branch1][C][=O][C@@H1][Branch1][#Branch1][N][C][Branch1][C][C][=O][C][C][C][C][Ring1][Ring2],L,neu,0,0,alpha,NO,std,0,0,1,2,C1CCC1,[C][C][C][C][Ring1][Ring2],med,0,1,0,0,0
DRPGRRCTPDJHDC-VIFPVBQESA-N,A13,[A13],I,CNC(=O)[C@@H](NC(C)=O)C1CCCC1,[C][N][C][=Branch1][C][=O][C@@H1][Branch1][#Branch1][N][C][Branch1][C][C][=O][C][C][C][C][C][Ring1][Branch1],L,neu,0,0,alpha,NO,std,0,0,1,2,C1CCCC1,[C][C][C][C][C][Ring1][Branch1],large,0,1,0,0,0
CPOSSWMRGNQDRR-JTQLQIEISA-N,A14,[A14],I,CNC(=O)[C@@H](NC(C)=O)C1CCCCC1,[C][N][C][=Branch1][C][=O][C@@H1][Branch1][#Branch1][N][C][Branch1][C][C][=O][C][C][C][C][C][C][Ring1][=Branch1],L,neu,0,0,alpha,NO,std,0,0,1,2,C1CCCCC1,[C][C][C][C][C][C][Ring1][=Branch1],large,0,1,0,0,0
DWUGOTZQYKXZGP-NSHDSACASA-N,A15,[A15],I,CNC(=O)[C@@H](NC(C)=O)C1CCCCCC1,[C][N][C][=Branch1][C][=O][C@@H1][Branch1][#Branch1][N][C][Branch1][C][C][=O][C][C][C][C][C][C][C][Ring1][#Branch1],L,neu,0,0,alpha,NO,std,0,0,1,2,C1CCCCCC1,[C][C][C][C][C][C][C][Ring1][#Branch1],large,0,1,0,0,0
WHWQULFHPWFDNC-SECBINFHSA-N,A16,[A16],I,CCC(C)(CC)[C@H](NC(C)=O)C(=O)NC,[C][C][C][Branch1][C][C][Branch1][Ring1][C][C][C@H1][Branch1][#Branch1][N][C][Branch1][C][C][=O][C][=Branch1][C][=O][N][C],L,neu,0,0,alpha,NO,std,0,0,1,2,CCC(C)CC,[C][C][C][Branch1][C][C][C][C],large,0,3,0,0,0
YRBSVWJMPXSATH-SNVBAGLBSA-N,A17,[A17],I,CCC(CC)(CC)[C@H](NC(C)=O)C(=O)NC,[C][C][C][Branch1][Ring1][C][C][Branch1][Ring1][C][C][C@H1][Branch1][#Branch1][N][C][Branch1][C][C][=O][C][=Branch1][C][=O][N][C],L,neu,0,0,alpha,NO,std,0,0,1,2,CCC(CC)CC,[C][C][C][Branch1][Ring1][C][C][C][C],large,0,4,0,0,0
VFPIEHZHPRLCOB-XPUUQOCRSA-N,A18,[A18],I,CC[C@H](C)[C@H](NC(C)=O)C(=O)NC,[C][C][C@H1][Branch1][C][C][C@H1][Branch1][#Branch1][N][C][Branch1][C][C][=O][C][=Branch1][C][=O][N][C],L,neu,0,0,alpha,NO,std,0,0,1,2,CCCC,[C][C][C][C],med,1,2,0,0,0
KEJVETRCHOCHRR-OEXLFXSVSA-N,A19,[A19],I,CNC(=O)[C@@H](NC(C)=O)C12CC3CC(CC(C3)C1)C2,[C][N][C][=Branch1][C][=O][C@@H1][Branch1][#Branch1][N][C][Branch1][C][C][=O][C][C][C][C][C][Branch1][O][C][C][Branch1][Ring2][C][Ring1][=Branch1][C][Ring1][=Branch2][C][Ring1][#Branch2],L,neu,0,0,alpha,NO,std,0,0,1,2,C1C2CC3CC1CC(C2)C3,[C][C][C][C][C][C][Ring1][=Branch1][C][C][Branch1][Ring2][C][Ring1][Branch2][C][Ring1][#Branch1],large,0,1,0,0,0
LJRPXMVLQRPVDO-HNGCFSAESA-N,A20,[A20],I,CNC(=O)[C@@H](NC(C)=O)C1[C@H]2CCC[C@@H]1CCC2,[C][N][C][=Branch1][C][=O][C@@H1][Branch1][#Branch1][N][C][Branch1][C][C][=O][C][C@H1][C][C][C][C@@H1][Ring1][=Branch1][C][C][C][Ring1][Branch2],L,neu,0,0,alpha,NO,std,0,0,1,2,C1CC2CCCC(C1)C2,[C][C][C][C][C][C][C][Branch1][Ring2][C][Ring1][Branch2][C][Ring1][#Branch1],large,2,1,0,0,0
UZUCPNYCKJNHGY-BCZLUZIISA-N,A21,[A21],I,CNC(=O)[C@@H](NC(C)=O)C1C2CC1C2,[C][N][C][=Branch1][C][=O][C@@H1][Branch1][#Branch1][N][C][Branch1][C][C][=O][C][C][C][C][Ring1][Ring2][C][Ring1][Ring2],L,neu,0,0,alpha,NO,std,0,0,1,2,C1C2CC1C2,[C][C][C][C][Ring1][Ring2][C][Ring1][Ring2],large,0,1,0,0,0
OOJNPJXGWXYKDL-VVIYDGDNSA-N,A22,[A22],I,CNC(=O)[C@@H](NC(C)=O)C1C2CCC1C2,[C][N][C][=Branch1][C][=O][C@@H1][Branch1][#Branch1][N][C][Branch1][C][C][=O][C][C][C][C][C][Ring1][Branch1][C][Ring1][Branch1],L,neu,0,0,alpha,NO,std,0,0,1,2,C1CC2CC1C2,[C][C][C][C][C][Ring1][Branch1][C][Ring1][Ring2],large,0,1,0,0,0
JCMQPIQKJOLABI-CCNFQMFXSA-N,A23,[A23],I,CNC(=O)[C@@H](NC(C)=O)C12CC(C1)C2,[C][N][C][=Branch1][C][=O][C@@H1][Branch1][#Branch1][N][C][Branch1][C][C][=O][C][C][C][Branch1][Ring2][C][Ring1][Ring2][C][Ring1][Branch1],L,neu,0,0,alpha,NO,std,0,0,1,2,C1C2CC1C2,[C][C][C][C][Ring1][Ring2][C][Ring1][Ring2],large,0,1,0,0,0
BCHLAWMCBBTOMN-INWMGODYSA-N,A24,[A24],I,CNC(=O)[C@@H](NC(C)=O)C12CCC(C1)C2,[C][N][C][=Branch1][C][=O][C@@H1][Branch1][#Branch1][N][C][Branch1][C][C][=O][C][C][C][C][Branch1][Ring2][C][Ring1][Branch1][C][Ring1][=Branch1],L,neu,0,0,alpha,NO,std,0,0,1,2,C1CC2CC1C2,[C][C][C][C][C][Ring1][Branch1][C][Ring1][Ring2],large,0,1,0,0,0
SXVMGDUOTAUVSZ-QUBJWBRDSA-N,A25,[A25],I,CNC(=O)[C@@H](NC(C)=O)C1C2CCCC1C2,[C][N][C][=Branch1][C][=O][C@@H1][Branch1][#Branch1][N][C][Branch1][C][C][=O][C][C][C][C][C][C][Ring1][=Branch1][C][Ring1][=Branch1],L,neu,0,0,alpha,NO,std,0,0,1,2,C1CC2CC(C1)C2,[C][C][C][C][C][Branch1][Ring2][C][Ring1][=Branch1][C][Ring1][Branch1],large,0,1,0,0,0
FXFIEKNWKRAWEA-SQLBVSGCSA-N,A26,[A26],I,CNC(=O)[C@@H](NC(C)=O)C12CCCC(C1)C2,[C][N][C][=Branch1][C][=O][C@@H1][Branch1][#Branch1][N][C][Branch1][C][C][=O][C][C][C][C][C][Branch1][Ring2][C][Ring1][=Branch1][C][Ring1][#Branch1],L,neu,0,0,alpha,NO,std,0,0,1,2,C1CC2CC(C1)C2,[C][C][C][C][C][Branch1][Ring2][C][Ring1][=Branch1][C][Ring1][Branch1],large,0,1,0,0,0
BKRFYUGQICKXOP-QUBJWBRDSA-N,A27,[A27],I,CNC(=O)[C@@H](NC(C)=O)C1CC2CC(C2)C1,[C][N][C][=Branch1][C][=O][C@@H1][Branch1][#Branch1][N][C][Branch1][C][C][=O][C][C][C][C][C][Branch1][Ring2][C][Ring1][Ring2][C][Ring1][#Branch1],L,neu,0,0,alpha,NO,std,0,0,1,2,C1CC2CC(C1)C2,[C][C][C][C][C][Branch1][Ring2][C][Ring1][=Branch1][C][Ring1][Branch1],large,0,1,0,0,0
DDKYIMXKTFNOBC-SQLBVSGCSA-N,A28,[A28],I,CNC(=O)[C@@H](NC(C)=O)C12CCC(CC1)C2,[C][N][C][=Branch1][C][=O][C@@H1][Branch1][#Branch1][N][C][Branch1][C][C][=O][C][C][C][C][Branch1][Branch1][C][C][Ring1][=Branch1][C][Ring1][#Branch1],L,neu,0,0,alpha,NO,std,0,0,1,2,C1CC2CCC1C2,[C][C][C][C][C][C][Ring1][=Branch1][C][Ring1][Branch1],large,0,1,0,0,0
UQZNIINNIMVJHM-LXKPXOPUSA-N,A29,[A29],I,CNC(=O)[C@@H](NC(C)=O)[C@@H]1CC2CCC1C2,[C][N][C][=Branch1][C][=O][C@@H1][Branch1][#Branch1][N][C][Branch1][C][C][=O][C@@H1][C][C][C][C][C][Ring1][=Branch1][C][Ring1][Branch1],L,neu,0,0,alpha,NO,std,0,0,1,2,C1CC2CCC1C2,[C][C][C][C][C][C][Ring1][=Branch1][C][Ring1][Branch1],large,1,1,0,0,0
UQZNIINNIMVJHM-TVUZUIDESA-N,A30,[A30],I,CNC(=O)[C@@H](NC(C)=O)[C@H]1CC2CCC1C2,[C][N][C][=Branch1][C][=O][C@@H1][Branch1][#Branch1][N][C][Branch1][C][C][=O][C@H1][C][C][C][C][C][Ring1][=Branch1][C][Ring1][Branch1],L,neu,0,0,alpha,NO,std,0,0,1,2,C1CC2CCC1C2,[C][C][C][C][C][C][Ring1][=Branch1][C][Ring1][Branch1],large,1,1,0,0,0
GHWMUZBGZZRCHH-QWKFWESOSA-N,A31,[A31],I,CNC(=O)[C@@H](NC(C)=O)C12CCC(CC1)CC2,[C][N][C][=Branch1][C][=O][C@@H1][Branch1][#Branch1][N][C][Branch1][C][C][=O][C][C][C][C][Branch1][Branch1][C][C][Ring1][=Branch1][C][C][Ring1][Branch2],L,neu,0,0,alpha,NO,std,0,0,1,2,C1CC2CCC1CC2,[C][C][C][C][C][C][Ring1][=Branch1][C][C][Ring1][=Branch1],large,0,1,0,0,0
QXIWVZWUAAGWJC-ROAFRPBMSA-N,A32,[A32],I,CNC(=O)[C@@H](NC(C)=O)C1C2CCCC1CC2,[C][N][C][=Branch1][C][=O][C@@H1][Branch1][#Branch1][N][C][Branch1][C][C][=O][C][C][C][C][C][C][Ring1][=Branch1][C][C][Ring1][#Branch1],L,neu,0,0,alpha,NO,std,0,0,1,2,C1CC2CCC(C1)C2,[C][C][C][C][C][C][Branch1][Ring2][C][Ring1][#Branch1][C][Ring1][=Branch1],large,0,1,0,0,0
QNBJSVGVOGDMGD-ROAFRPBMSA-N,A33,[A33],I,CNC(=O)[C@@H](NC(C)=O)C1CC2CCC(C2)C1,[C][N][C][=Branch1][C][=O][C@@H1][Branch1][#Branch1][N][C][Branch1][C][C][=O][C][C][C][C][C][C][Branch1][Ring2][C][Ring1][Branch1][C][Ring1][Branch2],L,neu,0,0,alpha,NO,std,0,0,1,2,C1CC2CCC(C1)C2,[C][C][C][C][C][C][Branch1][Ring2][C][Ring1][#Branch1][C][Ring1][=Branch1],large,0,1,0,0,0
RLEMBFQMTNKTMZ-LURJTMIESA-N,A34,[A34],A,CC[C@H](NC(C)=O)C(=O)NC,[C][C][C@H1][Branch1][#Branch1][N][C][Branch1][C][C][=O][C][=Branch1][C][=O][N][C],L,neu,0,0,alpha,NO,std,0,0,1,2,CC,[C][C],small,0,1,0,0,0
SKSIAIMVWBILBT-ZETCQYMHSA-N,A35,[A35],V,CCC[C@H](NC(C)=O)C(=O)NC,[C][C][C][C@H1][Branch1][#Branch1][N][C][Branch1][C][C][=O][C][=Branch1][C][=O][N][C],L,neu,0,0,alpha,NO,std,0,0,1,2,CCC,[C][C][C],small,0,2,0,0,0
ZWZYEGJGMUDLCB-QMMMGPOBSA-N,A36,[A36],I,CCCC[C@H](NC(C)=O)C(=O)NC,[C][C][C][C][C@H1][Branch1][#Branch1][N][C][Branch1][C][C][=O][C][=Branch1][C][=O][N][C],L,neu,0,0,alpha,NO,std,0,0,1,2,CCCC,[C][C][C][C],med,0,3,0,0,0
ALIMZGNORYFMJC-VIFPVBQESA-N,A37,[A37],I,CCCCC[C@H](NC(C)=O)C(=O)NC,[C][C][C][C][C][C@H1][Branch1][#Branch1][N][C][Branch1][C][C][=O][C][=Branch1][C][=O][N][C],L,neu,0,0,alpha,NO,std,0,0,1,2,CCCCC,[C][C][C][C][C],large,0,4,0,0,0
CLBSTPHEFXTHCS-JTQLQIEISA-N,A38,[A38],I,CCCCCC[C@H](NC(C)=O)C(=O)NC,[C][C][C][C][C][C][C@H1][Branch1][#Branch1][N][C][Branch1][C][C][=O][C][=Branch1][C][=O][N][C],L,neu,0,0,alpha,NO,std,0,0,1,2,CCCCCC,[C][C][C][C][C][C],large,0,5,0,0,0
KTHKLHNQINIELK-NSHDSACASA-N,A39,[A39],I,CCCCCCC[C@H](NC(C)=O)C(=O)NC,[C][C][C][C][C][C][C][C@H1][Branch1][#Branch1][N][C][Branch1][C][C][=O][C][=Branch1][C][=O][N][C],L,neu,0,0,alpha,NO,std,0,0,1,2,CCCCCCC,[C][C][C][C][C][C][C],large,0,6,0,0,0
ABHXFFMMZDMYKY-LURJTMIESA-N,A40,[A40],A,C=C[C@H](NC(C)=O)C(=O)NC,[C][=C][C@H1][Branch1][#Branch1][N][C][Branch1][C][C][=O][C][=Branch1][C][=O][N][C],L,neu,0,0,alpha,NO,std,0,0,1,2,C=C,[C][=C],small,0,1,0,0,0
WYRCAMJBEOVLJM-ZETCQYMHSA-N,A41,[A41],A,C=CC[C@H](NC(C)=O)C(=O)NC,[C][=C][C][C@H1][Branch1][#Branch1][N][C][Branch1][C][C][=O][C][=Branch1][C][=O][N][C],L,neu,0,0,alpha,NO,std,0,0,1,2,C=CC,[C][=C][C],small,0,2,0,0,0
LDERWQZVNSWIMR-LURJTMIESA-N,A42,[A42],A,C#C[C@H](NC(C)=O)C(=O)NC,[C][#C][C@H1][Branch1][#Branch1][N][C][Branch1][C][C][=O][C][=Branch1][C][=O][N][C],L,neu,0,0,alpha,NO,std,0,0,1,2,C#C,[C][#C],small,0,0,0,0,0
QXAUBAQEFMOELK-ZETCQYMHSA-N,A43,[A43],A,C#CC[C@H](NC(C)=O)C(=O)NC,[C][#C][C][C@H1][Branch1][#Branch1][N][C][Branch1][C][C][=O][C][=Branch1][C][=O][N][C],L,neu,0,0,alpha,NO,std,0,0,1,2,C#CC,[C][#C][C],small,0,1,0,0,0
XOFZXTCJFASNBQ-ZETCQYMHSA-N,A44,[A44],A,C=C=C[C@H](NC(C)=O)C(=O)NC,[C][=C][=C][C@H1][Branch1][#Branch1][N][C][Branch1][C][C][=O][C][=Branch1][C][=O][N][C],L,neu,0,0,alpha,NO,std,0,0,1,2,C=C=C,[C][=C][=C],small,0,1,0,0,0
IUQJAZWXELBJBU-VIFPVBQESA-N,A45,[A45],I,CNC(=O)[C@H](CCC(C)(C)C)NC(C)=O,[C][N][C][=Branch1][C][=O][C@H1][Branch1][O][C][C][C][Branch1][C][C][Branch1][C][C][C][N][C][Branch1][C][C][=O],L,neu,0,0,alpha,NO,std,0,0,1,2,CCC(C)(C)C,[C][C][C][Branch1][C][C][Branch1][C][C][C],large,0,3,0,0,0
YRGXNPZZGUAONQ-VIFPVBQESA-N,A46,[A46],I,CNC(=O)[C@H](CCC(C)C)NC(C)=O,[C][N][C][=Branch1][C][=O][C@H1][Branch1][Branch2][C][C][C][Branch1][C][C][C][N][C][Branch1][C][C][=O],L,neu,0,0,alpha,NO,std,0,0,1,2,CCC(C)C,[C][C][C][Branch1][C][C][C],large,0,3,0,0,0
HFHJICMDEWYZGX-JTQLQIEISA-N,A47,[A47],I,CNC(=O)[C@@H](NC(C)=O)C1CC2(CCC2)C1,[C][N][C][=Branch1][C][=O][C@@H1][Branch1][#Branch1][N][C][Branch1][C][C][=O][C][C][C][Branch1][=Branch1][C][C][C][Ring1][Ring2][C][Ring1][#Branch1],L,neu,0,0,alpha,NO,std,0,0,1,2,C1CC2(C1)CCC2,[C][C][C][Branch1][Ring2][C][Ring1][Ring2][C][C][C][Ring1][Branch1],large,0,1,0,0,0
XDQLKWWYDXZTLR-QMMMGPOBSA-N,A48,[A48],I,CNC(=O)[C@H](CC1CC1)NC(C)=O,[C][N][C][=Branch1][C][=O][C@H1][Branch1][#Branch1][C][C][C][C][Ring1][Ring1][N][C][Branch1][C][C][=O],L,neu,0,0,alpha,NO,std,0,0,1,2,CC1CC1,[C][C][C][C][Ring1][Ring1],med,0,2,0,0,0
MCUNIXOMVMXFEV-VIFPVBQESA-N,A49,[A49],I,CNC(=O)[C@H](CC1CCC1)NC(C)=O,[C][N][C][=Branch1][C][=O][C@H1][Branch1][Branch2][C][C][C][C][C][Ring1][Ring2][N][C][Branch1][C][C][=O],L,neu,0,0,alpha,NO,std,0,0,1,2,CC1CCC1,[C][C][C][C][C][Ring1][Ring2],large,0,2,0,0,0
FKIYYQPUFQKPOG-JTQLQIEISA-N,A50,[A50],I,CNC(=O)[C@H](CC1CCCC1)NC(C)=O,[C][N][C][=Branch1][C][=O][C@H1][Branch1][=Branch2][C][C][C][C][C][C][Ring1][Branch1][N][C][Branch1][C][C][=O],L,neu,0,0,alpha,NO,std,0,0,1,2,CC1CCCC1,[C][C][C][C][C][C][Ring1][Branch1],large,0,2,0,0,0
AUXXXSGTXJFWAE-NSHDSACASA-N,A51,[A51],I,CNC(=O)[C@H](CC1CCCCC1)NC(C)=O,[C][N][C][=Branch1][C][=O][C@H1][Branch1][#Branch2][C][C][C][C][C][C][C][Ring1][=Branch1][N][C][Branch1][C][C][=O],L,neu,0,0,alpha,NO,std,0,0,1,2,CC1CCCCC1,[C][C][C][C][C][C][C][Ring1][=Branch1],large,0,2,0,0,0
IJAYPLMAPGQEKH-LBPRGKRZSA-N,A52,[A52],I,CNC(=O)[C@H](CC1CCCCCC1)NC(C)=O,[C][N][C][=Branch1][C][=O][C@H1][Branch1][O][C][C][C][C][C][C][C][C][Ring1][#Branch1][N][C][Branch1][C][C][=O],L,neu,0,0,alpha,NO,std,0,0,1,2,CC1CCCCCC1,[C][C][C][C][C][C][C][C][Ring1][#Branch1],large,0,2,0,0,0
GFFFOEZSQYZTPF-VIFPVBQESA-N,A53,[A53],I,CNC(=O)[C@H](CCC1CC1)NC(C)=O,[C][N][C][=Branch1][C][=O][C@H1][Branch1][Branch2][C][C][C][C][C][Ring1][Ring1][N][C][Branch1][C][C][=O],L,neu,0,0,alpha,NO,std,0,0,1,2,CCC1CC1,[C][C][C][C][C][Ring1][Ring1],large,0,3,0,0,0
VLIBIJSPLULFHK-JTQLQIEISA-N,A54,[A54],I,CNC(=O)[C@H](CCC1CCC1)NC(C)=O,[C][N][C][=Branch1][C][=O][C@H1][Branch1][=Branch2][C][C][C][C][C][C][Ring1][Ring2][N][C][Branch1][C][C][=O],L,neu,0,0,alpha,NO,std,0,0,1,2,CCC1CCC1,[C][C][C][C][C][C][Ring1][Ring2],large,0,3,0,0,0
IBLKOIMZMQKTFJ-NSHDSACASA-N,A55,[A55],I,CNC(=O)[C@H](CCC1CCCC1)NC(C)=O,[C][N][C][=Branch1][C][=O][C@H1][Branch1][#Branch2][C][C][C][C][C][C][C][Ring1][Branch1][N][C][Branch1][C][C][=O],L,neu,0,0,alpha,NO,std,0,0,1,2,CCC1CCCC1,[C][C][C][C][C][C][C][Ring1][Branch1],large,0,3,0,0,0
IKDOXGZQSAPPFV-LBPRGKRZSA-N,A56,[A56],I,CNC(=O)[C@H](CCC1CCCCC1)NC(C)=O,[C][N][C][=Branch1][C][=O][C@H1][Branch1][O][C][C][C][C][C][C][C][C][Ring1][=Branch1][N][C][Branch1][C][C][=O],L,neu,0,0,alpha,NO,std,0,0,1,2,CCC1CCCCC1,[C][C][C][C][C][C][C][C][Ring1][=Branch1],large,0,3,0,0,0
ZZLJWPWQJTTYNB-ZDUSSCGKSA-N,A57,[A57],I,CNC(=O)[C@H](CCC1CCCCCC1)NC(C)=O,[C][N][C][=Branch1][C][=O][C@H1][Branch1][N][C][C][C][C][C][C][C][C][C][Ring1][#Branch1][N][C][Branch1][C][C][=O],L,neu,0,0,alpha,NO,std,0,0,1,2,CCC1CCCCCC1,[C][C][C][C][C][C][C][C][C][Ring1][#Branch1],large,0,3,0,0,0
NDKAGPVLHQOJHT-QMMMGPOBSA-N,A58,[A58],V,CNC(=O)[C@H](C=C(C)C)NC(C)=O,[C][N][C][=Branch1][C][=O][C@H1][Branch1][#Branch1][C][=C][Branch1][C][C][C][N][C][Branch1][C][C][=O],L,neu,0,0,alpha,NO,std,0,0,1,2,C=C(C)C,[C][=C][Branch1][C][C][C],med,0,1,0,0,0
QFMKKOHVWRPZSA-VIFPVBQESA-N,A59,[A59],V,CNC(=O)[C@H](CC=C(C)C)NC(C)=O,[C][N][C][=Branch1][C][=O][C@H1][Branch1][Branch2][C][C][=C][Branch1][C][C][C][N][C][Branch1][C][C][=O],L,neu,0,0,alpha,NO,std,0,0,1,2,CC=C(C)C,[C][C][=C][Branch1][C][C][C],large,0,2,0,0,0
OTZONUUGBYKZQW-ZETCQYMHSA-N,A60,[A60],A,CC#C[C@H](NC(C)=O)C(=O)NC,[C][C][#C][C@H1][Branch1][#Branch1][N][C][Branch1][C][C][=O][C][=Branch1][C][=O][N][C],L,neu,0,0,alpha,NO,std,0,0,1,2,C#CC,[C][#C][C],small,0,0,0,0,0
LAWVIILGAQFOSQ-QMMMGPOBSA-N,A61,[A61],A,CC#CC[C@H](NC(C)=O)C(=O)NC,[C][C][#C][C][C@H1][Branch1][#Branch1][N][C][Branch1][C][C][=O][C][=Branch1][C][=O][N][C],L,neu,0,0,alpha,NO,std,0,0,1,2,CC#CC,[C][C][#C][C],med,0,1,0,0,0
UILZNBUTENUXGJ-JXUBOQSCSA-N,A62,[A62],I,CNC(=O)[C@@H](NC(C)=O)[C@@H]1C[C@H]2C[C@H]2C1,[C][N][C][=Branch1][C][=O][C@@H1][Branch1][#Branch1][N][C][Branch1][C][C][=O][C@@H1][C][C@H1][C][C@H1][Ring1][Ring1][C][Ring1][=Branch1],L,neu,0,0,alpha,NO,std,0,0,1,2,C1CC2CC2C1,[C][C][C][C][C][Ring1][Ring1][C][Ring1][=Branch1],large,3,1,0,0,0
UILZNBUTENUXGJ-JLIMGVALSA-N,A63,[A63],I,CNC(=O)[C@@H](NC(C)=O)[C@H]1C[C@H]2C[C@H]2C1,[C][N][C][=Branch1][C][=O][C@@H1][Branch1][#Branch1][N][C][Branch1][C][C][=O][C@H1][C][C@H1][C][C@H1][Ring1][Ring1][C][Ring1][=Branch1],L,neu,0,0,alpha,NO,std,0,0,1,2,C1CC2CC2C1,[C][C][C][C][C][Ring1][Ring1][C][Ring1][=Branch1],large,3,1,0,0,0
ZZJQJFKIZVGRBD-VLEAKVRGSA-N,A64,[A64],I,CNC(=O)[C@@H](NC(C)=O)[C@@H]1C[C@H]2CC[C@H]2C1,[C][N][C][=Branch1][C][=O][C@@H1][Branch1][#Branch1][N][C][Branch1][C][C][=O][C@@H1][C][C@H1][C][C][C@H1][Ring1][Ring2][C][Ring1][#Branch1],L,neu,0,0,alpha,NO,std,0,0,1,2,C1CC2CCC2C1,[C][C][C][C][C][C][Ring1][Ring2][C][Ring1][#Branch1],large,3,1,0,0,0
ZZJQJFKIZVGRBD-ZDCRXTMVSA-N,A65,[A65],I,CNC(=O)[C@@H](NC(C)=O)[C@H]1C[C@H]2CC[C@H]2C1,[C][N][C][=Branch1][C][=O][C@@H1][Branch1][#Branch1][N][C][Branch1][C][C][=O][C@H1][C][C@H1][C][C][C@H1][Ring1][Ring2][C][Ring1][#Branch1],L,neu,0,0,alpha,NO,std,0,0,1,2,C1CC2CCC2C1,[C][C][C][C][C][C][Ring1][Ring2][C][Ring1][#Branch1],large,3,1,0,0,0
AELHRCSTGCDZED-MMWGEVLESA-N,A66,[A66],I,CNC(=O)[C@@H](NC(C)=O)[C@@H]1C[C@@H]2[C@H](C1)C2(C)C,[C][N][C][=Branch1][C][=O][C@@H1][Branch1][#Branch1][N][C][Branch1][C][C][=O][C@@H1][C][C@@H1][C@H1][Branch1][Ring2][C][Ring1][Branch1][C][Ring1][Ring2][Branch1][C][C][C],L,neu,0,0,alpha,NO,std,0,0,1,2,CC1(C)C2CCCC21,[C][C][Branch1][C][C][C][C][C][C][C][Ring1][Branch1][Ring1][#Branch1],large,3,1,0,0,0
AELHRCSTGCDZED-VLEAKVRGSA-N,A67,[A67],I,CNC(=O)[C@@H](NC(C)=O)[C@H]1C[C@@H]2[C@H](C1)C2(C)C,[C][N][C][=Branch1][C][=O][C@@H1][Branch1][#Branch1][N][C][Branch1][C][C][=O][C@H1][C][C@@H1][C@H1][Branch1][Ring2][C][Ring1][Branch1][C][Ring1][Ring2][Branch1][C][C][C],L,neu,0,0,alpha,NO,std,0,0,1,2,CC1(C)C2CCCC21,[C][C][Branch1][C][C][C][C][C][C][C][Ring1][Branch1][Ring1][#Branch1],large,3,1,0,0,0
NEDAHPANEHPORR-QMMMGPOBSA-N,a03,[a03],P,CNC(=O)[C@@H]1CCCCN1C(C)=O,[C][N][C][=Branch1][C][=O][C@@H1][C][C][C][C][N][Ring1][=Branch1][C][Branch1][C][C][=O],L,neu,0,0,alpha,NCY,std,1,0,1,1,C1CCNCC1,[C][C][C][N][C][C][Ring1][=Branch1],med,0,0,0,0,0
NYPFJAHFFUQFNQ-VIFPVBQESA-N,a04,[a04],P,CNC(=O)[C@@H]1CCCCCN1C(C)=O,[C][N][C][=Branch1][C][=O][C@@H1][C][C][C][C][C][N][Ring1][#Branch1][C][Branch1][C][C][=O],L,neu,0,0,alpha,NCY,std,1,0,1,1,C1CCCNCC1,[C][C][C][C][N][C][C][Ring1][#Branch1],large,0,0,0,0,0
ZXDDFHOZEYTGHI-LBPRGKRZSA-N,A68,[A68],F,CNC(=O)[C@H](Cc1ccccc1C)NC(C)=O,[C][N][C][=Branch1][C][=O][C@H1][Branch1][O][C][C][=C][C][=C][C][=C][Ring1][=Branch1][C][N][C][Branch1][C][C][=O],L,neu,1,0,alpha,NO,std,0,0,1,2,Cc1ccccc1C,[C][C][=C][C][=C][C][=C][Ring1][=Branch1][C],large,0,2,0,0,0
CYMLREYXHVGNCM-LBPRGKRZSA-N,A69,[A69],F,CNC(=O)[C@H](Cc1cccc(C)c1)NC(C)=O,[C][N][C][=Branch1][C][=O][C@H1][Branch1][=N][C][C][=C][C][=C][C][Branch1][C][C][=C][Ring1][#Branch1][N][C][Branch1][C][C][=O],L,neu,1,0,alpha,NO,std,0,0,1,2,Cc1cccc(C)c1,[C][C][=C][C][=C][C][Branch1][C][C][=C][Ring1][#Branch1],large,0,2,0,0,0
HCNPZEVKCCUBNI-ZDUSSCGKSA-N,A70,[A70],F,CNC(=O)[C@H](Cc1cccc(C)c1C)NC(C)=O,[C][N][C][=Branch1][C][=O][C@H1][Branch1][=C][C][C][=C][C][=C][C][Branch1][C][C][=C][Ring1][#Branch1][C][N][C][Branch1][C][C][=O],L,neu,1,0,alpha,NO,std,0,0,1,2,Cc1cccc(C)c1C,[C][C][=C][C][=C][C][Branch1][C][C][=C][Ring1][#Branch1][C],large,0,2,0,0,0
AVXOCBOVJPVBQJ-ZDUSSCGKSA-N,A71,[A71],F,CNC(=O)[C@H](Cc1ccc(C)cc1C)NC(C)=O,[C][N][C][=Branch1][C][=O][C@H1][Branch1][=C][C][C][=C][C][=C][Branch1][C][C][C][=C][Ring1][#Branch1][C][N][C][Branch1][C][C][=O],L,neu,1,0,alpha,NO,std,0,0,1,2,Cc1ccc(C)c(C)c1,[C][C][=C][C][=C][Branch1][C][C][C][Branch1][C][C][=C][Ring1][Branch2],large,0,2,0,0,0
LDBWVVXEQSBEMA-ZDUSSCGKSA-N,A72,[A72],F,CNC(=O)[C@H](Cc1cc(C)ccc1C)NC(C)=O,[C][N][C][=Branch1][C][=O][C@H1][Branch1][=C][C][C][=C][C][Branch1][C][C][=C][C][=C][Ring1][#Branch1][C][N][C][Branch1][C][C][=O],L,neu,1,0,alpha,NO,std,0,0,1,2,Cc1ccc(C)c(C)c1,[C][C][=C][C][=C][Branch1][C][C][C][Branch1][C][C][=C][Ring1][Branch2],large,0,2,0,0,0
DPIQVLRJAFVFGG-ZDUSSCGKSA-N,A73,[A73],F,CNC(=O)[C@H](Cc1c(C)cccc1C)NC(C)=O,[C][N][C][=Branch1][C][=O][C@H1][Branch1][=C][C][C][=C][Branch1][C][C][C][=C][C][=C][Ring1][#Branch1][C][N][C][Branch1][C][C][=O],L,neu,1,0,alpha,NO,std,0,0,1,2,Cc1cccc(C)c1C,[C][C][=C][C][=C][C][Branch1][C][C][=C][Ring1][#Branch1][C],large,0,2,0,0,0
WSKGJYFEVOLGSJ-ZDUSSCGKSA-N,A74,[A74],F,CNC(=O)[C@H](Cc1ccc(C)c(C)c1)NC(C)=O,[C][N][C][=Branch1][C][=O][C@H1][Branch1][S][C][C][=C][C][=C][Branch1][C][C][C][Branch1][C][C][=C][Ring1][Branch2][N][C][Branch1][C][C][=O],L,neu,1,0,alpha,NO,std,0,0,1,2,Cc1ccc(C)c(C)c1,[C][C][=C][C][=C][Branch1][C][C][C][Branch1][C][C][=C][Ring1][Branch2],large,0,2,0,0,0
GQPQALJYRGNHPD-ZDUSSCGKSA-N,A75,[A75],F,CNC(=O)[C@H](Cc1cc(C)cc(C)c1)NC(C)=O,[C][N][C][=Branch1][C][=O][C@H1][Branch1][S][C][C][=C][C][Branch1][C][C][=C][C][Branch1][C][C][=C][Ring1][Branch2][N][C][Branch1][C][C][=O],L,neu,1,0,alpha,NO,std,0,0,1,2,Cc1cc(C)cc(C)c1,[C][C][=C][C][Branch1][C][C][=C][C][Branch1][C][C][=C][Ring1][Branch2],large,0,2,0,0,0
IPYFXURIYDKUHU-HNNXBMFYSA-N,A76,[A76],F,CNC(=O)[C@H](Cc1cccc2ccccc12)NC(C)=O,[C][N][C][=Branch1][C][=O][C@H1][Branch1][S][C][C][=C][C][=C][C][=C][C][=C][C][=C][Ring1][#Branch2][Ring1][=Branch1][N][C][Branch1][C][C][=O],L,neu,2,0,alpha,NO,std,0,0,1,2,Cc1cccc2ccccc12,[C][C][=C][C][=C][C][=C][C][=C][C][=C][Ring1][#Branch2][Ring1][=Branch1],large,0,2,0,0,0
IIKZVQKLGBNZGJ-HNNXBMFYSA-N,A77,[A77],F,CNC(=O)[C@H](Cc1ccc2ccccc2c1)NC(C)=O,[C][N][C][=Branch1][C][=O][C@H1][Branch1][S][C][C][=C][C][=C][C][=C][C][=C][C][Ring1][=Branch1][=C][Ring1][#Branch2][N][C][Branch1][C][C][=O],L,neu,2,0,alpha,NO,std,0,0,1,2,Cc1ccc2ccccc2c1,[C][C][=C][C][=C][C][=C][C][=C][C][Ring1][=Branch1][=C][Ring1][#Branch2],large,0,2,0,0,0
UNUWGPGTMTULFU-SFHVURJKSA-N,A78,[A78],F,CNC(=O)[C@H](Cc1cccc2ccc3ccccc3c12)NC(C)=O,[C][N][C][=Branch1][C][=O][C@H1][Branch2][Ring1][=Branch1][C][C][=C][C][=C][C][=C][C][=C][C][=C][C][=C][C][Ring1][=Branch1][=C][Ring1][=C][Ring1][#Branch2][N][C][Branch1][C][C][=O],L,neu,3,0,alpha,NO,std,0,0,1,2,Cc1cccc2ccc3ccccc3c12,[C][C][=C][C][=C][C][=C][C][=C][C][=C][C][=C][C][Ring1][=Branch1][=C][Ring1][=C][Ring1][#Branch2],large,0,2,0,0,0
HZYPNBULLZXRBN-IBGZPJMESA-N,A79,[A79],F,CNC(=O)[C@H](Cc1cccc2cc3ccccc3cc12)NC(C)=O,[C][N][C][=Branch1][C][=O][C@H1][Branch2][Ring1][=Branch1][C][C][=C][C][=C][C][=C][C][=C][C][=C][C][=C][Ring1][=Branch1][C][=C][Ring1][=C][Ring1][#Branch2][N][C][Branch1][C][C][=O],L,neu,3,0,alpha,NO,std,0,0,1,2,Cc1cccc2cc3ccccc3cc12,[C][C][=C][C][=C][C][=C][C][=C][C][=C][C][=C][Ring1][=Branch1][C][=C][Ring1][=C][Ring1][#Branch2],large,0,2,0,0,0
UAGDWFRXIQQMNY-IBGZPJMESA-N,A80,[A80],F,CNC(=O)[C@H](Cc1ccc2ccc3ccccc3c2c1)NC(C)=O,[C][N][C][=Branch1][C][=O][C@H1][Branch2][Ring1][=Branch1][C][C][=C][C][=C][C][=C][C][=C][C][=C][C][=C][Ring1][=Branch1][C][Ring1][#Branch2][=C][Ring1][=C][N][C][Branch1][C][C][=O],L,neu,3,0,alpha,NO,std,0,0,1,2,Cc1ccc2ccc3ccccc3c2c1,[C][C][=C][C][=C][C][=C][C][=C][C][=C][C][=C][Ring1][=Branch1][C][Ring1][#Branch2][=C][Ring1][=C],large,0,2,0,0,0
OLPADGIVYAHKFH-IBGZPJMESA-N,A81,[A81],F,CNC(=O)[C@H](Cc1ccc2cc3ccccc3cc2c1)NC(C)=O,[C][N][C][=Branch1][C][=O][C@H1][Branch2][Ring1][=Branch1][C][C][=C][C][=C][C][=C][C][=C][C][=C][C][Ring1][=Branch1][=C][C][Ring1][#Branch2][=C][Ring1][=C][N][C][Branch1][C][C][=O],L,neu,3,0,alpha,NO,std,0,0,1,2,Cc1ccc2cc3ccccc3cc2c1,[C][C][=C][C][=C][C][=C][C][=C][C][=C][C][Ring1][=Branch1][=C][C][Ring1][#Branch2][=C][Ring1][=C],large,0,2,0,0,0
AYSROKVCHRWNGK-IBGZPJMESA-N,A82,[A82],F,CNC(=O)[C@H](Cc1c2ccccc2cc2ccccc12)NC(C)=O,[C][N][C][=Branch1][C][=O][C@H1][Branch2][Ring1][=Branch1][C][C][=C][C][=C][C][=C][C][Ring1][=Branch1][=C][C][=C][C][=C][C][=C][Ring1][=C][Ring1][=Branch1][N][C][Branch1][C][C][=O],L,neu,3,0,alpha,NO,std,0,0,1,2,Cc1c2ccccc2cc2ccccc12,[C][C][=C][C][=C][C][=C][C][Ring1][=Branch1][=C][C][=C][C][=C][C][=C][Ring1][=C][Ring1][=Branch1],large,0,2,0,0,0
ZJBUEZCKMTUKST-IBGZPJMESA-N,A83,[A83],F,CNC(=O)[C@H](Cc1cc2ccccc2c2ccccc12)NC(C)=O,[C][N][C][=Branch1][C][=O][C@H1][Branch2][Ring1][=Branch1][C][C][=C][C][=C][C][=C][C][=C][Ring1][=Branch1][C][=C][C][=C][C][=C][Ring1][=C][Ring1][=Branch1][N][C][Branch1][C][C][=O],L,neu,3,0,alpha,NO,std,0,0,1,2,Cc1cc2ccccc2c2ccccc12,[C][C][=C][C][=C][C][=C][C][=C][Ring1][=Branch1][C][=C][C][=C][C][=C][Ring1][=C][Ring1][=Branch1],large,0,2,0,0,0
BEGQTGNMGLKPRQ-HLTSFMKQSA-N,a05,[a05],P,CNC(=O)[C@@H]1[C@H]2[C@@H](CN1C(C)=O)C2(C)C,[C][N][C][=Branch1][C][=O][C@@H1][C@H1][C@@H1][Branch1][#Branch2][C][N][Ring1][Branch1][C][Branch1][C][C][=O][C][Ring1][Branch2][Branch1][C][C][C],L,neu,0,0,alpha,NCY,std,1,0,1,1,CC1(C)C2CNCC21,[C][C][Branch1][C][C][C][C][N][C][C][Ring1][Branch1][Ring1][#Branch1],large,2,0,0,0,0
BEGQTGNMGLKPRQ-CIUDSAMLSA-N,a06,[a06],P,CNC(=O)[C@@H]1[C@@H]2[C@H](CN1C(C)=O)C2(C)C,[C][N][C][=Branch1][C][=O][C@@H1][C@@H1][C@H1][Branch1][#Branch2][C][N][Ring1][Branch1][C][Branch1][C][C][=O][C][Ring1][Branch2][Branch1][C][C][C],L,neu,0,0,alpha,NCY,std,1,0,1,1,CC1(C)C2CNCC21,[C][C][Branch1][C][C][C][C][N][C][C][Ring1][Branch1][Ring1][#Branch1],large,2,0,0,0,0
CVGSTKOBVQSGJW-BBBLOLIVSA-N,a07,[a07],P,CNC(=O)[C@@H]1[C@@H]2CCC[C@@H]2CN1C(C)=O,[C][N][C][=Branch1][C][=O][C@@H1][C@@H1][C][C][C][C@@H1][Ring1][Branch1][C][N][Ring1][Branch2][C][Branch1][C][C][=O],L,neu,0,0,alpha,NCY,std,1,0,1,1,C1CC2CNCC2C1,[C][C][C][C][N][C][C][Ring1][Branch1][C][Ring1][Branch2],large,2,0,0,0,0
CVGSTKOBVQSGJW-GUBZILKMSA-N,a08,[a08],P,CNC(=O)[C@@H]1[C@H]2CCC[C@H]2CN1C(C)=O,[C][N][C][=Branch1][C][=O][C@@H1][C@H1][C][C][C][C@H1][Ring1][Branch1][C][N][Ring1][Branch2][C][Branch1][C][C][=O],L,neu,0,0,alpha,NCY,std,1,0,1,1,C1CC2CNCC2C1,[C][C][C][C][N][C][C][Ring1][Branch1][C][Ring1][Branch2],large,2,0,0,0,0
LVWRQRQATACVJP-NSHDSACASA-N,a09,[a09],P,CNC(=O)[C@@H]1c2ccccc2CN1C(C)=O,[C][N][C][=Branch1][C][=O][C@@H1][C][=C][C][=C][C][=C][Ring1][=Branch1][C][N][Ring1][=Branch2][C][Branch1][C][C][=O],L,neu,1,0,alpha,NCY,std,1,0,1,1,c1ccc2c(c1)CNC2,[C][=C][C][=C][C][=Branch1][Ring2][=C][Ring1][=Branch1][C][N][C][Ring1][=Branch1],large,0,0,0,0,0
XKTUHKNIEFAIEF-NSHDSACASA-N,a10,[a10],P,CNC(=O)[C@@H]1Cc2ccccc2N1C(C)=O,[C][N][C][=Branch1][C][=O][C@@H1][C][C][=C][C][=C][C][=C][Ring1][=Branch1][N][Ring1][=Branch2][C][Branch1][C][C][=O],L,neu,1,0,alpha,NCY,std,1,0,1,1,c1ccc2c(c1)CCN2,[C][=C][C][=C][C][=Branch1][Ring2][=C][Ring1][=Branch1][C][C][N][Ring1][=Branch1],large,0,0,0,0,0
LNSUFGIEUOBIDE-JTQLQIEISA-N,A84,[A84],F,CNC(=O)[C@@H](NC(C)=O)c1ccccc1,[C][N][C][=Branch1][C][=O][C@@H1][Branch1][#Branch1][N][C][Branch1][C][C][=O][C][=C][C][=C][C][=C][Ring1][=Branch1],L,neu,1,0,alpha,NO,std,0,0,1,2,c1ccccc1,[C][=C][C][=C][C][=C][Ring1][=Branch1],large,0,1,0,0,0
BSAPZTVQDCBLTD-AWEZNQCLSA-N,A85,[A85],F,CNC(=O)[C@@H](NC(C)=O)c1ccc2ccccc2c1,[C][N][C][=Branch1][C][=O][C@@H1][Branch1][#Branch1][N][C][Branch1][C][C][=O][C][=C][C][=C][C][=C][C][=C][C][Ring1][=Branch1][=C][Ring1][#Branch2],L,neu,2,0,alpha,NO,std,0,0,1,2,c1ccc2ccccc2c1,[C][=C][C][=C][C][=C][C][=C][C][Ring1][=Branch1][=C][Ring1][#Branch2],large,0,1,0,0,0
FKRRFRSJPKUQAR-AWEZNQCLSA-N,A86,[A86],F,CNC(=O)[C@@H](NC(C)=O)c1cccc2ccccc12,[C][N][C][=Branch1][C][=O][C@@H1][Branch1][#Branch1][N][C][Branch1][C][C][=O][C][=C][C][=C][C][=C][C][=C][C][=C][Ring1][#Branch2][Ring1][=Branch1],L,neu,2,0,alpha,NO,std,0,0,1,2,c1ccc2ccccc2c1,[C][=C][C][=C][C][=C][C][=C][C][Ring1][=Branch1][=C][Ring1][#Branch2],large,0,1,0,0,0
ZCAWCXLPBSAKNZ-XHNCKOQMSA-N,a11,[a11],P,CNC(=O)[C@@H]1C[C@H]2[C@@H](N1C(C)=O)C2(C)C,[C][N][C][=Branch1][C][=O][C@@H1][C][C@H1][C@@H1][Branch1][=Branch2][N][Ring1][Branch1][C][Branch1][C][C][=O][C][Ring1][#Branch1][Branch1][C][C][C],L,neu,0,0,alpha,NCY,std,1,0,1,1,CC1(C)C2CCNC21,[C][C][Branch1][C][C][C][C][C][N][C][Ring1][Branch1][Ring1][#Branch1],large,2,0,0,0,0
ZCAWCXLPBSAKNZ-VGMNWLOBSA-N,a12,[a12],P,CNC(=O)[C@@H]1C[C@@H]2[C@H](N1C(C)=O)C2(C)C,[C][N][C][=Branch1][C][=O][C@@H1][C][C@@H1][C@H1][Branch1][=Branch2][N][Ring1][Branch1][C][Branch1][C][C][=O][C][Ring1][#Branch1][Branch1][C][C][C],L,neu,0,0,alpha,NCY,std,1,0,1,1,CC1(C)C2CCNC21,[C][C][Branch1][C][C][C][C][C][N][C][Ring1][Branch1][Ring1][#Branch1],large,2,0,0,0,0
GHQDNUNKEYDQFD-GUBZILKMSA-N,a13,[a13],P,CNC(=O)[C@@H]1C[C@@H]2CCC[C@@H]2N1C(C)=O,[C][N][C][=Branch1][C][=O][C@@H1][C][C@@H1][C][C][C][C@@H1][Ring1][Branch1][N][Ring1][Branch2][C][Branch1][C][C][=O],L,neu,0,0,alpha,NCY,std,1,0,1,1,C1CC2CCNC2C1,[C][C][C][C][C][N][C][Ring1][Branch1][C][Ring1][Branch2],large,2,0,0,0,0
GHQDNUNKEYDQFD-BBBLOLIVSA-N,a14,[a14],P,CNC(=O)[C@@H]1C[C@H]2CCC[C@H]2N1C(C)=O,[C][N][C][=Branch1][C][=O][C@@H1][C][C@H1][C][C][C][C@H1][Ring1][Branch1][N][Ring1][Branch2][C][Branch1][C][C][=O],L,neu,0,0,alpha,NCY,std,1,0,1,1,C1CC2CCNC2C1,[C][C][C][C][C][N][C][Ring1][Branch1][C][Ring1][Branch2],large,2,0,0,0,0
YXJGHQZQMBATCD-HDRFHEKDSA-N,A87,[A87],I,CNC(=O)[C@@H](NC(C)=O)C12[C@H]3[C@@H]4C5[C@H]3[C@H]1[C@@H]5[C@@H]42,[C][N][C][=Branch1][C][=O][C@@H1][Branch1][#Branch1][N][C][Branch1][C][C][=O][C][C@H1][C@@H1][C][C@H1][Ring1][Ring2][C@H1][Ring1][=Branch1][C@@H1][Ring1][Ring2][C@@H1][Ring1][=Branch1][Ring1][Branch2],L,neu,0,0,alpha,NO,std,0,0,1,2,C12C3C4C1C1C2C3C41,[C][C][C][C][Ring1][Ring2][C][C][Ring1][=Branch1][C][Ring1][=Branch1][C][Ring1][=Branch1][Ring1][Ring2],large,6,1,0,0,0
QHYUTUBXRXVFHS-QYRRCVKKSA-N,A88,[A88],I,CNC(=O)[C@H](CC12C3C4C5C3C1C5C42)NC(C)=O,[C][N][C][=Branch1][C][=O][C@H1][Branch2][Ring1][Ring2][C][C][C][C][C][C][Ring1][Ring2][C][Ring1][=Branch1][C][Ring1][Ring2][C][Ring1][=Branch1][Ring1][Branch2][N][C][Branch1][C][C][=O],L,neu,0,0,alpha,NO,std,0,0,1,2,CC12C3C4C5C3C1C5C42,[C][C][C][C][C][C][Ring1][Ring2][C][Ring1][=Branch1][C][Ring1][Ring2][C][Ring1][=Branch1][Ring1][Branch2],large,0,2,0,0,0
QMNCDHKVXDOKIP-QMMMGPOBSA-N,A89,[A89],A,C#CC#C[C@H](NC(C)=O)C(=O)NC,[C][#C][C][#C][C@H1][Branch1][#Branch1][N][C][Branch1][C][C][=O][C][=Branch1][C][=O][N][C],L,neu,0,0,alpha,NO,std,0,0,1,2,C#CC#C,[C][#C][C][#C],med,0,0,0,0,0
VJIQPRZHSQQPTJ-UHFFFAOYSA-N,I07,[I07],F,CNC(=O)C1(NC(C)=O)C23c4c5c6c(c2c4=6)C513,[C][N][C][=Branch1][C][=O][C][Branch1][#Branch1][N][C][Branch1][C][C][=O][C][C][=C][C][C][=Branch1][=Branch2][=C][Ring1][=Branch1][C][Ring1][=Branch1][=Ring1][Ring2][C][Ring1][=Branch1][Ring1][=N][Ring1][Branch2],A,neu,2,0,alpha,NO,std,0,0,0,2,c12c3c4c5c(c1=4)C2C35,[C][=C][C][C][=C][Branch1][=Branch1][C][Ring1][=Branch1][=Ring1][Ring2][C][Ring1][#Branch1][C][Ring1][#Branch1][Ring1][Branch1],large,0,0,0,0,0
XADQGIGGDIAHHS-JIQYCGOMSA-N,A90,[A90],I,CNC(=O)[C@@H](NC(C)=O)C1C23CC12C3,[C][N][C][=Branch1][C][=O][C@@H1][Branch1][#Branch1][N][C][Branch1][C][C][=O][C][C][C][C][Ring1][Ring2][Ring1][Ring1][C][Ring1][Ring2],L,neu,0,0,alpha,NO,std,0,0,1,2,C1C23CC12C3,[C][C][C][C][Ring1][Ring2][Ring1][Ring1][C][Ring1][Ring2],large,0,1,0,0,0
ORBZCELMOQFTLF-YFKPBYRVSA-N,A91,[A91],ncaa,CNC(=O)[C@H]([O-])NC(C)=O,[C][N][C][=Branch1][C][=O][C@H1][Branch1][C][O-1][N][C][Branch1][C][C][=O],L,neg,0,0,alpha,NO,std,0,0,1,2,[O-],[O-1],small,0,0,1,0,1
TXJCWFFWRCNNOD-YFKPBYRVSA-N,A92,[A92],S,CNC(=O)[C@H](C[O-])NC(C)=O,[C][N][C][=Branch1][C][=O][C@H1][Branch1][Ring1][C][O-1][N][C][Branch1][C][C][=O],L,neg,0,0,alpha,NO,std,0,0,1,2,C[O-],[C][O-1],small,0,1,1,0,1
QZKZZQQSXWBNIO-LURJTMIESA-N,A93,[A93],T,CNC(=O)[C@H](CC[O-])NC(C)=O,[C][N][C][=Branch1][C][=O][C@H1][Branch1][Ring2][C][C][O-1][N][C][Branch1][C][C][=O],L,neg,0,0,alpha,NO,std,0,0,1,2,CC[O-],[C][C][O-1],small,0,2,1,0,1
JBCZXUYVITZAQQ-ZETCQYMHSA-N,A94,[A94],T,CNC(=O)[C@H](CCC[O-])NC(C)=O,[C][N][C][=Branch1][C][=O][C@H1][Branch1][Branch1][C][C][C][O-1][N][C][Branch1][C][C][=O],L,neg,0,0,alpha,NO,std,0,0,1,2,CCC[O-],[C][C][C][O-1],med,0,3,1,0,1
QHUBOEXIKSFAQO-QMMMGPOBSA-N,A95,[A95],T,CNC(=O)[C@H](CCCC[O-])NC(C)=O,[C][N][C][=Branch1][C][=O][C@H1][Branch1][=Branch1][C][C][C][C][O-1][N][C][Branch1][C][C][=O],L,neg,0,0,alpha,NO,std,0,0,1,2,CCCC[O-],[C][C][C][C][O-1],large,0,4,1,0,1
HFNTUHMWBFSLLO-VIFPVBQESA-N,A96,[A96],T,CNC(=O)[C@H](CCCCC[O-])NC(C)=O,[C][N][C][=Branch1][C][=O][C@H1][Branch1][#Branch1][C][C][C][C][C][O-1][N][C][Branch1][C][C][=O],L,neg,0,0,alpha,NO,std,0,0,1,2,CCCCC[O-],[C][C][C][C][C][O-1],large,0,5,1,0,1
REYKJNCDTJBDNW-SCSAIBSYSA-O,E01,[E01],ncaa,CNC(=O)[C@H]([NH3+])NC(C)=O,[C][N][C][=Branch1][C][=O][C@H1][Branch1][C][NH3+1][N][C][Branch1][C][C][=O],D,pos,0,0,alpha,NO,std,0,0,1,2,[NH3+],[NH3+1],small,0,0,1,0,1
RGPQSIHANYZOAM-YFKPBYRVSA-O,A97,[A97],A,CNC(=O)[C@H](C[NH3+])NC(C)=O,[C][N][C][=Branch1][C][=O][C@H1][Branch1][Ring1][C][NH3+1][N][C][Branch1][C][C][=O],L,pos,0,0,alpha,NO,std,0,0,1,2,C[NH3+],[C][NH3+1],small,0,1,1,0,1
ZBOGAEHLANTCTK-LURJTMIESA-O,A98,[A98],K,CNC(=O)[C@H](CC[NH3+])NC(C)=O,[C][N][C][=Branch1][C][=O][C@H1][Branch1][Ring2][C][C][NH3+1][N][C][Branch1][C][C][=O],L,pos,0,0,alpha,NO,std,0,0,1,2,CC[NH3+],[C][C][NH3+1],small,0,2,1,0,1
TUEGGFVRTXRYTF-ZETCQYMHSA-O,A99,[A99],K,CNC(=O)[C@H](CCC[NH3+])NC(C)=O,[C][N][C][=Branch1][C][=O][C@H1][Branch1][Branch1][C][C][C][NH3+1][N][C][Branch1][C][C][=O],L,pos,0,0,alpha,NO,std,0,0,1,2,CCC[NH3+],[C][C][C][NH3+1],med,0,3,1,0,1
FECUPDBTEVPIIE-QMMMGPOBSA-O,A100,[A100],K,CNC(=O)[C@H](CCCC[NH3+])NC(C)=O,[C][N][C][=Branch1][C][=O][C@H1][Branch1][=Branch1][C][C][C][C][NH3+1][N][C][Branch1][C][C][=O],L,pos,0,0,alpha,NO,std,0,0,1,2,CCCC[NH3+],[C][C][C][C][NH3+1],large,0,4,1,0,1
PJCXIMDEVHSUBD-VIFPVBQESA-O,A101,[A101],K,CNC(=O)[C@H](CCCCC[NH3+])NC(C)=O,[C][N][C][=Branch1][C][=O][C@H1][Branch1][#Branch1][C][C][C][C][C][NH3+1][N][C][Branch1][C][C][=O],L,pos,0,0,alpha,NO,std,0,0,1,2,CCCCC[NH3+],[C][C][C][C][C][NH3+1],large,0,5,1,0,1
FHFHAVBSAMWXAA-LURJTMIESA-N,a15,[a15],P,CNC(=O)[C@@H]1C[N-]CN1C(C)=O,[C][N][C][=Branch1][C][=O][C@@H1][C][N-1][C][N][Ring1][Branch1][C][Branch1][C][C][=O],L,neg,0,0,alpha,NCY,std,1,0,1,1,C1CNC[N-]1,[C][C][N][C][N-1][Ring1][Branch1],small,0,0,1,0,1
KXGFWHIFGLDSOL-RXMQYKEDSA-N,e01,[e01],P,CNC(=O)[C@@H]1[N-]CN1C(C)=O,[C][N][C][=Branch1][C][=O][C@@H1][N-1][C][N][Ring1][Ring2][C][Branch1][C][C][=O],D,neg,0,0,alpha,NCY,std,1,0,1,1,C1[N-]CN1,[C][N-1][C][N][Ring1][Ring2],small,0,0,1,0,1
XENWICLVANDOCL-ZETCQYMHSA-N,a16,[a16],P,CNC(=O)[C@@H]1CC[N-]CN1C(C)=O,[C][N][C][=Branch1][C][=O][C@@H1][C][C][N-1][C][N][Ring1][=Branch1][C][Branch1][C][C][=O],L,neg,0,0,alpha,NCY,std,1,0,1,1,C1C[N-]CNC1,[C][C][N-1][C][N][C][Ring1][=Branch1],med,0,0,1,0,1
KKSVVRAYWCHCKT-QMMMGPOBSA-N,a17,[a17],P,CNC(=O)[C@@H]1CCC[N-]CN1C(C)=O,[C][N][C][=Branch1][C][=O][C@@H1][C][C][C][N-1][C][N][Ring1][#Branch1][C][Branch1][C][C][=O],L,neg,0,0,alpha,NCY,std,1,0,1,1,C1CCNC[N-]C1,[C][C][C][N][C][N-1][C][Ring1][#Branch1],large,0,0,1,0,1
YEVHXFXSSNWRGR-LURJTMIESA-O,a18,[a18],P,CNC(=O)[C@@H]1C[NH2+]CN1C(C)=O,[C][N][C][=Branch1][C][=O][C@@H1][C][NH2+1][C][N][Ring1][Branch1][C][Branch1][C][C][=O],L,pos,0,0,alpha,NCY,std,1,0,1,1,C1C[NH2+]CN1,[C][C][NH2+1][C][N][Ring1][Branch1],small,0,0,1,0,1
GDFDYDPJCPRIMG-RXMQYKEDSA-O,e02,[e02],P,CNC(=O)[C@@H]1[NH2+]CN1C(C)=O,[C][N][C][=Branch1][C][=O][C@@H1][NH2+1][C][N][Ring1][Ring2][C][Branch1][C][C][=O],D,pos,0,0,alpha,NCY,std,1,0,1,1,C1NC[NH2+]1,[C][N][C][NH2+1][Ring1][Ring2],small,0,0,1,0,1
WFTIHCHHWVPOLY-ZETCQYMHSA-O,a19,[a19],P,CNC(=O)[C@@H]1CC[NH2+]CN1C(C)=O,[C][N][C][=Branch1][C][=O][C@@H1][C][C][NH2+1][C][N][Ring1][=Branch1][C][Branch1][C][C][=O],L,pos,0,0,alpha,NCY,std,1,0,1,1,C1CNC[NH2+]C1,[C][C][N][C][NH2+1][C][Ring1][=Branch1],med,0,0,1,0,1
VXCLOJUSAZGGDO-QMMMGPOBSA-O,a20,[a20],P,CNC(=O)[C@@H]1CCC[NH2+]CN1C(C)=O,[C][N][C][=Branch1][C][=O][C@@H1][C][C][C][NH2+1][C][N][Ring1][#Branch1][C][Branch1][C][C][=O],L,pos,0,0,alpha,NCY,std,1,0,1,1,C1CC[NH2+]CNC1,[C][C][C][NH2+1][C][N][C][Ring1][#Branch1],large,0,0,1,0,1
HQNPGVOYWBFRKB-LURJTMIESA-N,A102,[A102],S,CNC(=O)[C@H](COC)NC(C)=O,[C][N][C][=Branch1][C][=O][C@H1][Branch1][Ring2][C][O][C][N][C][Branch1][C][C][=O],L,neu,0,0,alpha,NO,std,0,0,1,2,COC,[C][O][C],small,0,2,1,0,1
SJKYMZKESDHCGZ-VDTYLAMSSA-N,A103,[A103],T,CNC(=O)[C@@H](NC(C)=O)[C@@H](C)OC,[C][N][C][=Branch1][C][=O][C@@H1][Branch1][#Branch1][N][C][Branch1][C][C][=O][C@@H1][Branch1][C][C][O][C],L,neu,0,0,alpha,NO,std,0,0,1,2,CCOC,[C][C][O][C],med,1,2,1,0,1
SJKYMZKESDHCGZ-FSPLSTOPSA-N,A104,[A104],T,CNC(=O)[C@@H](NC(C)=O)[C@H](C)OC,[C][N][C][=Branch1][C][=O][C@@H1][Branch1][#Branch1][N][C][Branch1][C][C][=O][C@H1][Branch1][C][C][O][C],L,neu,0,0,alpha,NO,std,0,0,1,2,CCOC,[C][C][O][C],med,1,2,1,0,1
LRMQBVNHWIHDQX-ZETCQYMHSA-N,A105,[A105],D,CNC(=O)[C@H](COC(C)=O)NC(C)=O,[C][N][C][=Branch1][C][=O][C@H1][Branch1][Branch2][C][O][C][Branch1][C][C][=O][N][C][Branch1][C][C][=O],L,neu,0,0,alpha,NO,std,0,0,1,2,COC(C)=O,[C][O][C][Branch1][C][C][=O],large,0,3,1,0,2
IGBBZVQVUWEAMW-XRGYYRRGSA-N,A106,[A106],D,CNC(=O)[C@@H](NC(C)=O)[C@@H](C)OC(C)=O,[C][N][C][=Branch1][C][=O][C@@H1][Branch1][#Branch1][N][C][Branch1][C][C][=O][C@@H1][Branch1][C][C][O][C][Branch1][C][C][=O],L,neu,0,0,alpha,NO,std,0,0,1,2,CCOC(C)=O,[C][C][O][C][Branch1][C][C][=O],large,1,3,1,0,2
IGBBZVQVUWEAMW-XNCJUZBTSA-N,A107,[A107],D,CNC(=O)[C@@H](NC(C)=O)[C@H](C)OC(C)=O,[C][N][C][=Branch1][C][=O][C@@H1][Branch1][#Branch1][N][C][Branch1][C][C][=O][C@H1][Branch1][C][C][O][C][Branch1][C][C][=O],L,neu,0,0,alpha,NO,std,0,0,1,2,CCOC(C)=O,[C][C][O][C][Branch1][C][C][=O],large,1,3,1,0,2
ZBSBLKBDUZEZPC-YFKPBYRVSA-N,A108,[A108],A,CNC(=O)[C@H](C=O)NC(C)=O,[C][N][C][=Branch1][C][=O][C@H1][Branch1][Ring1][C][=O][N][C][Branch1][C][C][=O],L,neu,0,0,alpha,NO,std,0,0,1,2,C=O,[C][=O],small,0,1,1,0,1
YBGQHGWZVIXJBG-LURJTMIESA-N,A109,[A109],A,CNC(=O)[C@@H](NC(C)=O)C(C)=O,[C][N][C][=Branch1][C][=O][C@@H1][Branch1][#Branch1][N][C][Branch1][C][C][=O][C][Branch1][C][C][=O],L,neu,0,0,alpha,NO,std,0,0,1,2,CC=O,[C][C][=O],small,0,1,1,0,1
JDENUHFQFBZFOO-LURJTMIESA-N,E02,[E02],M,CNC(=O)[C@H](CSC)NC(C)=O,[C][N][C][=Branch1][C][=O][C@H1][Branch1][Ring2][C][S][C][N][C][Branch1][C][C][=O],D,neu,0,0,alpha,NO,std,0,0,1,2,CSC,[C][S][C],small,0,2,1,0,0
JWKCTRBRCVUSCM-ZETCQYMHSA-N,A110,[A110],T,CNC(=O)[C@H](CCOC)NC(C)=O,[C][N][C][=Branch1][C][=O][C@H1][Branch1][Branch1][C][C][O][C][N][C][Branch1][C][C][=O],L,neu,0,0,alpha,NO,std,0,0,1,2,CCOC,[C][C][O][C],med,0,3,1,0,1
ZOAIMBFGJPZMHO-ZETCQYMHSA-N,A111,[A111],M,CNC(=O)[C@H](CCSC)NC(C)=O,[C][N][C][=Branch1][C][=O][C@H1][Branch1][Branch1][C][C][S][C][N][C][Branch1][C][C][=O],L,neu,0,0,alpha,NO,std,0,0,1,2,CCSC,[C][C][S][C],med,0,3,1,0,0
GYEZGQKTVJHHEQ-YFKPBYRVSA-N,A112,[A112],A,CNC(=O)[C@H](C#N)NC(C)=O,[C][N][C][=Branch1][C][=O][C@H1][Branch1][Ring1][C][#N][N][C][Branch1][C][C][=O],L,neu,0,0,alpha,NO,std,0,0,1,2,C#N,[C][#N],small,0,0,1,0,1
YHPVWRHVEBSFGB-YFKPBYRVSA-N,E03,[E03],A,CNC(=O)[C@H](CCl)NC(C)=O,[C][N][C][=Branch1][C][=O][C@H1][Branch1][Ring1][C][Cl][N][C][Branch1][C][C][=O],D,neu,0,1,alpha,NO,std,0,0,1,2,CCl,[C][Cl],small,0,1,1,0,0
YEKLLBSUOIMSGC-YFKPBYRVSA-N,E04,[E04],A,CNC(=O)[C@H](CBr)NC(C)=O,[C][N][C][=Branch1][C][=O][C@H1][Branch1][Ring1][C][Br][N][C][Branch1][C][C][=O],D,neu,0,1,alpha,NO,std,0,0,1,2,CBr,[C][Br],small,0,1,1,0,0
KHCQWYUXVHFNLC-LURJTMIESA-N,E05,[E05],M,CNC(=O)[C@H](CS(C)(=O)=O)NC(C)=O,[C][N][C][=Branch1][C][=O][C@H1][Branch1][#Branch2][C][S][Branch1][C][C][=Branch1][C][=O][=O][N][C][Branch1][C][C][=O],D,neu,0,0,alpha,NO,std,0,0,1,2,CS(C)(=O)=O,[C][S][Branch1][C][C][=Branch1][C][=O][=O],large,0,2,1,0,2
VMODGLGUCVYLMA-YFKPBYRVSA-N,A113,[A113],A,CNC(=O)[C@H](C[N+](=O)[O-])NC(C)=O,[C][N][C][=Branch1][C][=O][C@H1][Branch1][#Branch1][C][N+1][=Branch1][C][=O][O-1][N][C][Branch1][C][C][=O],L,zwi,0,0,alpha,NO,std,0,0,1,2,C[N+](=O)[O-],[C][N+1][=Branch1][C][=O][O-1],med,0,2,1,0,3
WHNDSNUGMLKDFY-YFKPBYRVSA-N,A114,[A114],A,CNC(=O)[C@H](CN=[N+]=[N-])NC(C)=O,[C][N][C][=Branch1][C][=O][C@H1][Branch1][Branch1][C][N][=N+1][=N-1][N][C][Branch1][C][C][=O],L,zwi,0,0,alpha,NO,std,0,0,1,2,CN=[N+]=[N-],[C][N][=N+1][=N-1],med,0,2,1,0,3
YDYWWDFKIZLDHT-VIFPVBQESA-N,A115,[A115],H,CNC(=O)[C@H](Cc1cn(C)cn1)NC(C)=O,[C][N][C][=Branch1][C][=O][C@H1][Branch1][N][C][C][=C][N][Branch1][C][C][C][=N][Ring1][=Branch1][N][C][Branch1][C][C][=O],L,neu,1,0,alpha,NO,std,0,0,1,2,Cc1cn(C)cn1,[C][C][=C][N][Branch1][C][C][C][=N][Ring1][=Branch1],large,0,2,1,0,2
NKVRBFZODAFQNJ-QMMMGPOBSA-N,A116,[A116],H,CNC(=O)[C@H](Cc1cscn1)NC(C)=O,[C][N][C][=Branch1][C][=O][C@H1][Branch1][=Branch2][C][C][=C][S][C][=N][Ring1][Branch1][N][C][Branch1][C][C][=O],L,neu,1,0,alpha,NO,std,0,0,1,2,Cc1cscn1,[C][C][=C][S][C][=N][Ring1][Branch1],large,0,2,1,0,1
MLVKOQOMWLYADB-LURJTMIESA-N,A117,[A117],H,CNC(=O)[C@H](Cc1nnnn1C)NC(C)=O,[C][N][C][=Branch1][C][=O][C@H1][Branch1][#Branch2][C][C][=N][N][=N][N][Ring1][Branch1][C][N][C][Branch1][C][C][=O],L,neu,1,0,alpha,NO,std,0,0,1,2,Cc1nnnn1C,[C][C][=N][N][=N][N][Ring1][Branch1][C],large,0,2,1,0,4
JTGUWZOIRAODMS-QMMMGPOBSA-N,A118,[A118],H,CNC(=O)[C@H](Cc1cn(C)nn1)NC(C)=O,[C][N][C][=Branch1][C][=O][C@H1][Branch1][N][C][C][=C][N][Branch1][C][C][N][=N][Ring1][=Branch1][N][C][Branch1][C][C][=O],L,neu,1,0,alpha,NO,std,0,0,1,2,Cc1cn(C)nn1,[C][C][=C][N][Branch1][C][C][N][=N][Ring1][=Branch1],large,0,2,1,0,3
UEZQOBLQLWEPFR-VIFPVBQESA-N,A119,[A119],H,CNC(=O)[C@H](Cc1cnn(C)c1)NC(C)=O,[C][N][C][=Branch1][C][=O][C@H1][Branch1][N][C][C][C][=N][N][Branch1][C][C][C][=Ring1][=Branch1][N][C][Branch1][C][C][=O],L,neu,1,0,alpha,NO,std,0,0,1,2,Cc1cnn(C)c1,[C][C][C][=N][N][Branch1][C][C][C][=Ring1][=Branch1],large,0,2,1,0,2
FTLNHPGWCUSNDG-VIFPVBQESA-N,A120,[A120],H,CNC(=O)[C@H](Cc1ccn(C)n1)NC(C)=O,[C][N][C][=Branch1][C][=O][C@H1][Branch1][N][C][C][C][=C][N][Branch1][C][C][N][=Ring1][=Branch1][N][C][Branch1][C][C][=O],L,neu,1,0,alpha,NO,std,0,0,1,2,Cc1ccn(C)n1,[C][C][C][=C][N][Branch1][C][C][N][=Ring1][=Branch1],large,0,2,1,0,2
YPLSGPCWZLFDPO-JTQLQIEISA-N,A121,[A121],H,CNC(=O)[C@H](Cc1ccn(C)c1)NC(C)=O,[C][N][C][=Branch1][C][=O][C@H1][Branch1][N][C][C][C][=C][N][Branch1][C][C][C][=Ring1][=Branch1][N][C][Branch1][C][C][=O],L,neu,1,0,alpha,NO,std,0,0,1,2,Cc1ccn(C)c1,[C][C][C][=C][N][Branch1][C][C][C][=Ring1][=Branch1],large,0,2,1,0,1
XANYHHZTISYGEX-JTQLQIEISA-N,A122,[A122],H,CNC(=O)[C@H](Cc1cccn1C)NC(C)=O,[C][N][C][=Branch1][C][=O][C@H1][Branch1][#Branch2][C][C][=C][C][=C][N][Ring1][Branch1][C][N][C][Branch1][C][C][=O],L,neu,1,0,alpha,NO,std,0,0,1,2,Cc1cccn1C,[C][C][=C][C][=C][N][Ring1][Branch1][C],large,0,2,1,0,1
FPDISCLICFJLKT-VIFPVBQESA-N,A123,[A123],H,CNC(=O)[C@H](Cn1cccc1)NC(C)=O,[C][N][C][=Branch1][C][=O][C@H1][Branch1][=Branch2][C][N][C][=C][C][=C][Ring1][Branch1][N][C][Branch1][C][C][=O],L,neu,1,0,alpha,NO,std,0,0,1,2,Cn1cccc1,[C][N][C][=C][C][=C][Ring1][Branch1],large,0,2,1,0,1
MSIOBOYORHWLNP-QMMMGPOBSA-N,A124,[A124],H,CNC(=O)[C@H](Cc1cocn1)NC(C)=O,[C][N][C][=Branch1][C][=O][C@H1][Branch1][=Branch2][C][C][=C][O][C][=N][Ring1][Branch1][N][C][Branch1][C][C][=O],L,neu,1,0,alpha,NO,std,0,0,1,2,Cc1cocn1,[C][C][=C][O][C][=N][Ring1][Branch1],large,0,2,1,0,2
YUFYITJSVLMNKO-YFKPBYRVSA-N,A125,[A125],F,CNC(=O)[C@H](Cc1nnnnn1)NC(C)=O,[C][N][C][=Branch1][C][=O][C@H1][Branch1][#Branch2][C][C][=N][N][=N][N][=N][Ring1][=Branch1][N][C][Branch1][C][C][=O],L,neu,1,0,alpha,NO,std,0,0,1,2,Cc1nnnnn1,[C][C][=N][N][=N][N][=N][Ring1][=Branch1],large,0,2,1,0,5
WEVBETIOJROLCD-YFKPBYRVSA-N,A126,[A126],A,CNC(=O)[C@H](CC12N3N4N5N3N1N5N42)NC(C)=O,[C][N][C][=Branch1][C][=O][C@H1][Branch2][Ring1][Ring2][C][C][N][N][N][N][Ring1][Ring2][N][Ring1][=Branch1][N][Ring1][Ring2][N][Ring1][=Branch1][Ring1][Branch2][N][C][Branch1][C][C][=O],L,neu,0,0,alpha,NO,std,0,0,1,2,CC12N3N4N5N3N1N5N42,[C][C][N][N][N][N][Ring1][Ring2][N][Ring1][=Branch1][N][Ring1][Ring2][N][Ring1][=Branch1][Ring1][Branch2],large,0,2,1,0,7
DABBOSFXQUZXRT-QMMMGPOBSA-N,A127,[A127],S,CNC(=O)[C@H](COCOCOC)NC(C)=O,[C][N][C][=Branch1][C][=O][C@H1][Branch1][Branch2][C][O][C][O][C][O][C][N][C][Branch1][C][C][=O],L,neu,0,0,alpha,NO,std,0,0,1,2,COCOCOC,[C][O][C][O][C][O][C],large,0,6,1,0,3
AFUOVBIQDJGCOL-LURJTMIESA-N,A128,[A128],S,CNC(=O)[C@@H](NC(C)=O)OOOOOOC,[C][N][C][=Branch1][C][=O][C@@H1][Branch1][#Branch1][N][C][Branch1][C][C][=O][O][O][O][O][O][O][C],L,neu,0,0,alpha,NO,std,0,0,1,2,COOOOOO,[C][O][O][O][O][O][O],large,0,6,1,0,6
VEJOROGMTCHXEU-YFKPBYRVSA-N,A129,[A129],A,CNC(=O)[C@H](CN1N=NN=NN=N1)NC(C)=O,[C][N][C][=Branch1][C][=O][C@H1][Branch1][O][C][N][N][=N][N][=N][N][=N][Ring1][#Branch1][N][C][Branch1][C][C][=O],L,neu,0,0,alpha,NO,std,0,0,1,2,CN1N=NN=NN=N1,[C][N][N][=N][N][=N][N][=N][Ring1][#Branch1],large,0,2,1,0,7
UDQSERMPJFVRRW-YFKPBYRVSA-N,A130,[A130],H,CNC(=O)[C@H](Cn1nnnn1)NC(C)=O,[C][N][C][=Branch1][C][=O][C@H1][Branch1][=Branch2][C][N][N][=N][N][=N][Ring1][Branch1][N][C][Branch1][C][C][=O],L,neu,1,0,alpha,NO,std,0,0,1,2,Cn1nnnn1,[C][N][N][=N][N][=N][Ring1][Branch1],large,0,2,1,0,5
OCQHVUFHYRPUGB-YFKPBYRVSA-N,A131,[A131],A,CNC(=O)[C@H](CC1=NN=N1)NC(C)=O,[C][N][C][=Branch1][C][=O][C@H1][Branch1][Branch2][C][C][=N][N][=N][Ring1][Ring2][N][C][Branch1][C][C][=O],L,neu,0,0,alpha,NO,std,0,0,1,2,CC1=NN=N1,[C][C][=N][N][=N][Ring1][Ring2],large,0,2,1,0,3
CFCITNNFRSYDEQ-YFKPBYRVSA-N,A132,[A132],A,CNC(=O)[C@H](CN1N=N1)NC(C)=O,[C][N][C][=Branch1][C][=O][C@H1][Branch1][#Branch1][C][N][N][=N][Ring1][Ring1][N][C][Branch1][C][C][=O],L,neu,0,0,alpha,NO,std,0,0,1,2,CN1N=N1,[C][N][N][=N][Ring1][Ring1],med,0,2,1,0,3
SYXKVCZXBUMUFA-LURJTMIESA-N,A133,[A133],S,CNC(=O)[C@@H](NC(C)=O)OOOOC,[C][N][C][=Branch1][C][=O][C@@H1][Branch1][#Branch1][N][C][Branch1][C][C][=O][O][O][O][O][C],L,neu,0,0,alpha,NO,std,0,0,1,2,COOOO,[C][O][O][O][O],large,0,4,1,0,4
CMRIGMPXDULAHB-LURJTMIESA-N,A134,[A134],S,CNC(=O)[C@@H](NC(C)=O)OOC,[C][N][C][=Branch1][C][=O][C@@H1][Branch1][#Branch1][N][C][Branch1][C][C][=O][O][O][C],L,neu,0,0,alpha,NO,std,0,0,1,2,COO,[C][O][O],small,0,2,1,0,2
NQFULAHUHYFSQJ-YFKPBYRVSA-N,A135,[A135],T,CNC(=O)[C@H](CC12ON3ON(ON(O3)O1)O2)NC(C)=O,[C][N][C][=Branch1][C][=O][C@H1][Branch2][Ring1][=Branch1][C][C][O][N][O][N][Branch1][O][O][N][Branch1][Ring2][O][Ring1][=Branch1][O][Ring1][=Branch2][O][Ring1][#Branch2][N][C][Branch1][C][C][=O],L,neu,0,0,alpha,NO,std,0,0,1,2,CC12ON3ON(ON(O3)O1)O2,[C][C][O][N][O][N][Branch1][O][O][N][Branch1][Ring2][O][Ring1][=Branch1][O][Ring1][=Branch2][O][Ring1][#Branch2],large,0,2,1,0,9
KQAJSKDXMLWILW-YFKPBYRVSA-N,A136,[A136],A,CNC(=O)[C@H](CN1[N@]2OOO[N@@]1OOO2)NC(C)=O,[C][N][C][=Branch1][C][=O][C@H1][Branch1][#C][C][N][N@][O][O][O][N@@][Ring1][=Branch1][O][O][O][Ring1][Branch2][N][C][Branch1][C][C][=O],L,neu,0,0,alpha,NO,std,0,0,1,2,CN1N2OOON1OOO2,[C][N][N][O][O][O][N][Ring1][=Branch1][O][O][O][Ring1][Branch2],large,2,2,1,0,9
CCXFKGFQTLCQJC-YFKPBYRVSA-N,A137,[A137],S,CNC(=O)[C@H](CN1OC2(OOO2)O1)NC(C)=O,[C][N][C][=Branch1][C][=O][C@H1][Branch1][#C][C][N][O][C][Branch1][=Branch1][O][O][O][Ring1][Ring2][O][Ring1][#Branch1][N][C][Branch1][C][C][=O],L,neu,0,0,alpha,NO,std,0,0,1,2,CN1OC2(OOO2)O1,[C][N][O][C][Branch1][=Branch1][O][O][O][Ring1][Ring2][O][Ring1][#Branch1],large,0,2,1,0,6
UKLFWLSIROAKSS-YFKPBYRVSA-N,A138,[A138],A,CNC(=O)[C@H](CC1SSSSS1)NC(C)=O,[C][N][C][=Branch1][C][=O][C@H1][Branch1][#Branch2][C][C][S][S][S][S][S][Ring1][=Branch1][N][C][Branch1][C][C][=O],L,neu,0,0,alpha,NO,std,0,0,1,2,CC1SSSSS1,[C][C][S][S][S][S][S][Ring1][=Branch1],large,0,2,1,0,0
GMCFZMUZGFPJTD-YFKPBYRVSA-N,A139,[A139],F,CNC(=O)[C@H](Cc1ppppp1)NC(C)=O,[C][N][C][=Branch1][C][=O][C@H1][Branch1][#Branch2][C][C][=P][P][=P][P][=P][Ring1][=Branch1][N][C][Branch1][C][C][=O],L,neu,1,0,alpha,NO,std,0,0,1,2,Cc1ppppp1,[C][C][=P][P][=P][P][=P][Ring1][=Branch1],large,0,2,1,0,0
GTFBIYPWGWJXSK-LURJTMIESA-N,A140,[A140],C,CNC(=O)[C@@H](NC(C)=O)SSSSC,[C][N][C][=Branch1][C][=O][C@@H1][Branch1][#Branch1][N][C][Branch1][C][C][=O][S][S][S][S][C],L,neu,0,0,alpha,NO,std,0,0,1,2,CSSSS,[C][S][S][S][S],large,0,4,1,0,0
FHCGPWHLDHUNSH-YFKPBYRVSA-N,A141,[A141],S,CNC(=O)[C@H](COS(=O)(=O)Cl)NC(C)=O,[C][N][C][=Branch1][C][=O][C@H1][Branch1][O][C][O][S][=Branch1][C][=O][=Branch1][C][=O][Cl][N][C][Branch1][C][C][=O],L,neu,0,1,alpha,NO,std,0,0,1,2,COS(=O)(=O)Cl,[C][O][S][=Branch1][C][=O][=Branch1][C][=O][Cl],large,0,3,1,0,3
DZEPEZWLMZSNPN-YFKPBYRVSA-N,A142,[A142],F,CNC(=O)[C@H](Cc1nnc(-c2nnnnn2)nn1)NC(C)=O,[C][N][C][=Branch1][C][=O][C@H1][Branch2][Ring1][Ring2][C][C][=N][N][=C][Branch1][=Branch2][C][=N][N][=N][N][=N][Ring1][=Branch1][N][=N][Ring1][N][N][C][Branch1][C][C][=O],L,neu,2,0,alpha,NO,std,0,0,1,2,Cc1nnc(-c2nnnnn2)nn1,[C][C][=N][N][=C][Branch1][=Branch2][C][=N][N][=N][N][=N][Ring1][=Branch1][N][=N][Ring1][N],large,0,3,1,0,9
WAZDXKZPWRIFLK-YFKPBYRVSA-N,A143,[A143],S,CNC(=O)[C@H](CO)NC(C)=O,[C][N][C][=Branch1][C][=O][C@H1][Branch1][Ring1][C][O][N][C][Branch1][C][C][=O],L,neu,0,0,alpha,NO,std,0,0,1,2,CO,[C][O],small,0,1,1,1,1
GCOHCRVGRUFVRI-SCSAIBSYSA-N,A144,[A144],S,CNC(=O)[C@@H](NC(C)=O)C(O)O,[C][N][C][=Branch1][C][=O][C@@H1][Branch1][#Branch1][N][C][Branch1][C][C][=O][C][Branch1][C][O][O],L,neu,0,0,alpha,NO,std,0,0,1,2,OCO,[O][C][O],small,0,1,1,2,2
UOXSULQUZZWQFQ-SCSAIBSYSA-N,E06,[E06],S,CNC(=O)[C@@H](NC(C)=O)C(O)(O)O,[C][N][C][=Branch1][C][=O][C@@H1][Branch1][#Branch1][N][C][Branch1][C][C][=O][C][Branch1][C][O][Branch1][C][O][O],D,neu,0,0,alpha,NO,std,0,0,1,2,OC(O)O,[O][C][Branch1][C][O][O],med,0,1,1,3,3
RLWKZHLRHOABSR-LURJTMIESA-N,A145,[A145],T,CNC(=O)[C@H](CCO)NC(C)=O,[C][N][C][=Branch1][C][=O][C@H1][Branch1][Ring2][C][C][O][N][C][Branch1][C][C][=O],L,neu,0,0,alpha,NO,std,0,0,1,2,CCO,[C][C][O],small,0,2,1,1,1
YUJMJVJHLHDZSF-YFKPBYRVSA-N,A146,[A146],T,CNC(=O)[C@H](CC(O)O)NC(C)=O,[C][N][C][=Branch1][C][=O][C@H1][Branch1][#Branch1][C][C][Branch1][C][O][O][N][C][Branch1][C][C][=O],L,neu,0,0,alpha,NO,std,0,0,1,2,CC(O)O,[C][C][Branch1][C][O][O],med,0,2,1,2,2
QTURAZQCBCZRQZ-YFKPBYRVSA-N,A147,[A147],T,CNC(=O)[C@H](CC(O)(O)O)NC(C)=O,[C][N][C][=Branch1][C][=O][C@H1][Branch1][#Branch2][C][C][Branch1][C][O][Branch1][C][O][O][N][C][Branch1][C][C][=O],L,neu,0,0,alpha,NO,std,0,0,1,2,CC(O)(O)O,[C][C][Branch1][C][O][Branch1][C][O][O],large,0,2,1,3,3
XCZBBQLVYCBCCA-ZETCQYMHSA-N,A148,[A148],T,CNC(=O)[C@H](CCCO)NC(C)=O,[C][N][C][=Branch1][C][=O][C@H1][Branch1][Branch1][C][C][C][O][N][C][Branch1][C][C][=O],L,neu,0,0,alpha,NO,std,0,0,1,2,CCCO,[C][C][C][O],med,0,3,1,1,1
DPUJJXPHIRVKEG-LURJTMIESA-N,A149,[A149],T,CNC(=O)[C@H](CCC(O)O)NC(C)=O,[C][N][C][=Branch1][C][=O][C@H1][Branch1][Branch2][C][C][C][Branch1][C][O][O][N][C][Branch1][C][C][=O],L,neu,0,0,alpha,NO,std,0,0,1,2,CCC(O)O,[C][C][C][Branch1][C][O][O],large,0,3,1,2,2
YGZOGVIUBGIEHE-LURJTMIESA-N,A150,[A150],T,CNC(=O)[C@H](CCC(O)(O)O)NC(C)=O,[C][N][C][=Branch1][C][=O][C@H1][Branch1][O][C][C][C][Branch1][C][O][Branch1][C][O][O][N][C][Branch1][C][C][=O],L,neu,0,0,alpha,NO,std,0,0,1,2,CCC(O)(O)O,[C][C][C][Branch1][C][O][Branch1][C][O][O],large,0,3,1,3,3
UZBMIMGWABBNSN-SCSAIBSYSA-N,A151,[A151],T,CNC(=O)[C@@H](NC(C)=O)C(O)(O)C(O)(O)O,[C][N][C][=Branch1][C][=O][C@@H1][Branch1][#Branch1][N][C][Branch1][C][C][=O][C][Branch1][C][O][Branch1][C][O][C][Branch1][C][O][Branch1][C][O][O],L,neu,0,0,alpha,NO,std,0,0,1,2,OC(O)C(O)(O)O,[O][C][Branch1][C][O][C][Branch1][C][O][Branch1][C][O][O],large,0,2,1,5,5
ZSMSMNPHDHALQF-YFKPBYRVSA-N,A152,[A152],T,CNC(=O)[C@H](CC(O)(O)C(O)(O)O)NC(C)=O,[C][N][C][=Branch1][C][=O][C@H1][Branch1][P][C][C][Branch1][C][O][Branch1][C][O][C][Branch1][C][O][Branch1][C][O][O][N][C][Branch1][C][C][=O],L,neu,0,0,alpha,NO,std,0,0,1,2,CC(O)(O)C(O)(O)O,[C][C][Branch1][C][O][Branch1][C][O][C][Branch1][C][O][Branch1][C][O][O],large,0,3,1,5,5
XMEGNFFAKSBAHI-SCSAIBSYSA-N,A153,[A153],T,CNC(=O)[C@@H](NC(C)=O)C(O)(O)C(O)(O)C(O)(O)O,[C][N][C][=Branch1][C][=O][C@@H1][Branch1][#Branch1][N][C][Branch1][C][C][=O][C][Branch1][C][O][Branch1][C][O][C][Branch1][C][O][Branch1][C][O][C][Branch1][C][O][Branch1][C][O][O],L,neu,0,0,alpha,NO,std,0,0,1,2,OC(O)C(O)(O)C(O)(O)O,[O][C][Branch1][C][O][C][Branch1][C][O][Branch1][C][O][C][Branch1][C][O][Branch1][C][O][O],large,0,3,1,7,7
NVQLXZYBHVARSZ-UHFFFAOYSA-N,I08,[I08],T,CNC(=O)C1(NC(C)=O)C(O)(O)C1(O)O,[C][N][C][=Branch1][C][=O][C][Branch1][#Branch1][N][C][Branch1][C][C][=O][C][Branch1][C][O][Branch1][C][O][C][Ring1][=Branch2][Branch1][C][O][O],A,neu,0,0,alpha,NO,std,0,0,0,2,OC(O)C(O)O,[O][C][Branch1][C][O][C][Branch1][C][O][O],large,0,0,1,4,4
BNMNPFSAAVGWOW-UHFFFAOYSA-N,I09,[I09],T,CNC(=O)C1(NC(C)=O)C(O)(O)C(O)(O)C1(O)O,[C][N][C][=Branch1][C][=O][C][Branch1][#Branch1][N][C][Branch1][C][C][=O][C][Branch1][C][O][Branch1][C][O][C][Branch1][C][O][Branch1][C][O][C][Ring1][N][Branch1][C][O][O],A,neu,0,0,alpha,NO,std,0,0,0,2,OC(O)C(O)(O)C(O)O,[O][C][Branch1][C][O][C][Branch1][C][O][Branch1][C][O][C][Branch1][C][O][O],large,0,0,1,6,6
KXLNMHCRKQKVSL-SCSAIBSYSA-N,A154,[A154],T,CNC(=O)[C@@H](NC(C)=O)C(OO)(OO)C(OO)(OO)OO,[C][N][C][=Branch1][C][=O][C@@H1][Branch1][#Branch1][N][C][Branch1][C][C][=O][C][Branch1][Ring1][O][O][Branch1][Ring1][O][O][C][Branch1][Ring1][O][O][Branch1][Ring1][O][O][O][O],L,neu,0,0,alpha,NO,std,0,0,1,2,OOC(OO)C(OO)(OO)OO,[O][O][C][Branch1][Ring1][O][O][C][Branch1][Ring1][O][O][Branch1][Ring1][O][O][O][O],large,0,7,1,5,10
AWTKSBIPHWOGAA-YFKPBYRVSA-N,A155,[A155],T,CNC(=O)[C@H](CC(OO)(OO)C(OO)(OO)OO)NC(C)=O,[C][N][C][=Branch1][C][=O][C@H1][Branch2][Ring1][=Branch1][C][C][Branch1][Ring1][O][O][Branch1][Ring1][O][O][C][Branch1][Ring1][O][O][Branch1][Ring1][O][O][O][O][N][C][Branch1][C][C][=O],L,neu,0,0,alpha,NO,std,0,0,1,2,CC(OO)(OO)C(OO)(OO)OO,[C][C][Branch1][Ring1][O][O][Branch1][Ring1][O][O][C][Branch1][Ring1][O][O][Branch1][Ring1][O][O][O][O],large,0,8,1,5,10
ZQSBSCAQJDEFCZ-SCSAIBSYSA-N,A156,[A156],T,CNC(=O)[C@@H](NC(C)=O)C(OO)(OO)C(OO)(OO)C(OO)(OO)OO,[C][N][C][=Branch1][C][=O][C@@H1][Branch1][#Branch1][N][C][Branch1][C][C][=O][C][Branch1][Ring1][O][O][Branch1][Ring1][O][O][C][Branch1][Ring1][O][O][Branch1][Ring1][O][O][C][Branch1][Ring1][O][O][Branch1][Ring1][O][O][O][O],L,neu,0,0,alpha,NO,std,0,0,1,2,OOC(OO)C(OO)(OO)C(OO)(OO)OO,[O][O][C][Branch1][Ring1][O][O][C][Branch1][Ring1][O][O][Branch1][Ring1][O][O][C][Branch1][Ring1][O][O][Branch1][Ring1][O][O][O][O],large,0,10,1,7,14
RPBRQUMSDRHLQR-LURJTMIESA-N,A157,[A157],T,CNC(=O)[C@H](CCC(OO)(OO)OO)NC(C)=O,[C][N][C][=Branch1][C][=O][C@H1][Branch1][=C][C][C][C][Branch1][Ring1][O][O][Branch1][Ring1][O][O][O][O][N][C][Branch1][C][C][=O],L,neu,0,0,alpha,NO,std,0,0,1,2,CCC(OO)(OO)OO,[C][C][C][Branch1][Ring1][O][O][Branch1][Ring1][O][O][O][O],large,0,6,1,3,6
CWMBNGGDYRSABU-UHFFFAOYSA-N,I10,[I10],T,CNC(=O)C1(NC(C)=O)C(O)(O)C(O)(O)C(O)(O)C1(O)O,[C][N][C][=Branch1][C][=O][C][Branch1][#Branch1][N][C][Branch1][C][C][=O][C][Branch1][C][O][Branch1][C][O][C][Branch1][C][O][Branch1][C][O][C][Branch1][C][O][Branch1][C][O][C][Ring1][#C][Branch1][C][O][O],A,neu,0,0,alpha,NO,std,0,0,0,2,OC(O)C(O)(O)C(O)(O)C(O)O,[O][C][Branch1][C][O][C][Branch1][C][O][Branch1][C][O][C][Branch1][C][O][Branch1][C][O][C][Branch1][C][O][O],large,0,0,1,8,8
YWTFHJREOVDCNV-UHFFFAOYSA-N,I11,[I11],T,CNC(=O)C1(NC(C)=O)C(O)(O)C(O)(O)C(O)(O)C(O)(O)C1(O)O,[C][N][C][=Branch1][C][=O][C][Branch1][#Branch1][N][C][Branch1][C][C][=O][C][Branch1][C][O][Branch1][C][O][C][Branch1][C][O][Branch1][C][O][C][Branch1][C][O][Branch1][C][O][C][Branch1][C][O][Branch1][C][O][C][Ring2][Ring1][C][Branch1][C][O][O],A,neu,0,0,alpha,NO,std,0,0,0,2,OC(O)C(O)(O)C(O)(O)C(O)(O)C(O)O,[O][C][Branch1][C][O][C][Branch1][C][O][Branch1][C][O][C][Branch1][C][O][Branch1][C][O][C][Branch1][C][O][Branch1][C][O][C][Branch1][C][O][O],large,0,0,1,10,10
YWAIEBNLSBOMGT-BYPYZUCNSA-N,A158,[A158],T,CNC(=O)[C@@H](NC(C)=O)C1C(O)(O)C1(O)O,[C][N][C][=Branch1][C][=O][C@@H1][Branch1][#Branch1][N][C][Branch1][C][C][=O][C][C][Branch1][C][O][Branch1][C][O][C][Ring1][Branch1][Branch1][C][O][O],L,neu,0,0,alpha,NO,std,0,0,1,2,OC1(O)CC1(O)O,[O][C][Branch1][C][O][C][C][Ring1][Ring2][Branch1][C][O][O],large,0,1,1,4,4
HQXUXVPLRNQCQA-BYPYZUCNSA-N,A159,[A159],T,CNC(=O)[C@@H](NC(C)=O)C1C(O)(O)C(O)(O)C1(O)O,[C][N][C][=Branch1][C][=O][C@@H1][Branch1][#Branch1][N][C][Branch1][C][C][=O][C][C][Branch1][C][O][Branch1][C][O][C][Branch1][C][O][Branch1][C][O][C][Ring1][Branch2][Branch1][C][O][O],L,neu,0,0,alpha,NO,std,0,0,1,2,OC1(O)CC(O)(O)C1(O)O,[O][C][Branch1][C][O][C][C][Branch1][C][O][Branch1][C][O][C][Ring1][#Branch1][Branch1][C][O][O],large,0,1,1,6,6
JHYLDDLAIWYEKP-BYPYZUCNSA-N,A160,[A160],T,CNC(=O)[C@@H](NC(C)=O)C1C(O)(O)C(O)(O)C(O)(O)C1(O)O,[C][N][C][=Branch1][C][=O][C@@H1][Branch1][#Branch1][N][C][Branch1][C][C][=O][C][C][Branch1][C][O][Branch1][C][O][C][Branch1][C][O][Branch1][C][O][C][Branch1][C][O][Branch1][C][O][C][Ring1][O][Branch1][C][O][O],L,neu,0,0,alpha,NO,std,0,0,1,2,OC1(O)CC(O)(O)C(O)(O)C1(O)O,[O][C][Branch1][C][O][C][C][Branch1][C][O][Branch1][C][O][C][Branch1][C][O][Branch1][C][O][C][Ring1][#Branch2][Branch1][C][O][O],large,0,1,1,8,8
LSYVDGUAIQTPDZ-BYPYZUCNSA-N,A161,[A161],T,CNC(=O)[C@@H](NC(C)=O)C1C(O)(O)C(O)(O)C(O)(O)C(O)(O)C1(O)O,[C][N][C][=Branch1][C][=O][C@@H1][Branch1][#Branch1][N][C][Branch1][C][C][=O][C][C][Branch1][C][O][Branch1][C][O][C][Branch1][C][O][Branch1][C][O][C][Branch1][C][O][Branch1][C][O][C][Branch1][C][O][Branch1][C][O][C][Ring1][=C][Branch1][C][O][O],L,neu,0,0,alpha,NO,std,0,0,1,2,OC1(O)CC(O)(O)C(O)(O)C(O)(O)C1(O)O,[O][C][Branch1][C][O][C][C][Branch1][C][O][Branch1][C][O][C][Branch1][C][O][Branch1][C][O][C][Branch1][C][O][Branch1][C][O][C][Ring1][=N][Branch1][C][O][O],large,0,1,1,10,10
UBOFWWNANMHCQR-BYPYZUCNSA-N,A162,[A162],K,CNC(=O)[C@@H](NC(C)=O)C1NNNNN1,[C][N][C][=Branch1][C][=O][C@@H1][Branch1][#Branch1][N][C][Branch1][C][C][=O][C][N][N][N][N][N][Ring1][=Branch1],L,pos,0,0,alpha,NO,std,0,0,1,2,C1[NH2+][NH2+][NH2+][NH2+][NH2+]1,[C][NH2+1][NH2+1][NH2+1][NH2+1][NH2+1][Ring1][=Branch1],large,0,1,1,5,5
YDFMKPVBLPAVCZ-YFKPBYRVSA-N,A163,[A163],A,CNC(=O)[C@H](CC1NNNNN1)NC(C)=O,[C][N][C][=Branch1][C][=O][C@H1][Branch1][#Branch2][C][C][N][N][N][N][N][Ring1][=Branch1][N][C][Branch1][C][C][=O],L,pos,0,0,alpha,NO,std,0,0,1,2,CC1[NH2+][NH2+][NH2+][NH2+][NH2+]1,[C][C][NH2+1][NH2+1][NH2+1][NH2+1][NH2+1][Ring1][=Branch1],large,0,2,1,5,5
KCOONUOBVYTIPL-LURJTMIESA-N,A164,[A164],V,CNC(=O)[C@H](CCC1NNNNN1)NC(C)=O,[C][N][C][=Branch1][C][=O][C@H1][Branch1][O][C][C][C][N][N][N][N][N][Ring1][=Branch1][N][C][Branch1][C][C][=O],L,pos,0,0,alpha,NO,std,0,0,1,2,CCC1[NH2+][NH2+][NH2+][NH2+][NH2+]1,[C][C][C][NH2+1][NH2+1][NH2+1][NH2+1][NH2+1][Ring1][=Branch1],large,0,3,1,5,5
GARJGSXTWYNXGP-YFKPBYRVSA-N,A165,[A165],A,CNC(=O)[C@H](CC12NN3NN(NN(N3)N1)N2)NC(C)=O,[C][N][C][=Branch1][C][=O][C@H1][Branch2][Ring1][=Branch1][C][C][N][N][N][N][Branch1][O][N][N][Branch1][Ring2][N][Ring1][=Branch1][N][Ring1][=Branch2][N][Ring1][#Branch2][N][C][Branch1][C][C][=O],L,pos,0,0,alpha,NO,std,0,0,1,2,CC12[NH2+]N3[NH2+]N([NH2+]N([NH2+]3)[NH2+]1)[NH2+]2,[C][C][NH2+1][N][NH2+1][N][Branch1][O][NH2+1][N][Branch1][Ring2][NH2+1][Ring1][=Branch1][NH2+1][Ring1][=Branch2][NH2+1][Ring1][#Branch2],large,0,2,1,6,9
ZPPBOLWUBJXEQP-YFKPBYRVSA-N,A166,[A166],A,CNC(=O)[C@H](CN1[N@]2NNN[N@@]1NNN2)NC(C)=O,[C][N][C][=Branch1][C][=O][C@H1][Branch1][#C][C][N][N@][N][N][N][N@@][Ring1][=Branch1][N][N][N][Ring1][Branch2][N][C][Branch1][C][C][=O],L,pos,0,0,alpha,NO,std,0,0,1,2,CN1N2[NH2+][NH2+][NH2+]N1[NH2+][NH2+][NH2+]2,[C][N][N][NH2+1][NH2+1][NH2+1][N][Ring1][=Branch1][NH2+1][NH2+1][NH2+1][Ring1][Branch2],large,2,2,1,6,9
VXKMPRAXVASGEJ-YFKPBYRVSA-N,A167,[A167],ncaa,CNC(=O)[C@H](O)NC(C)=O,[C][N][C][=Branch1][C][=O][C@H1][Branch1][C][O][N][C][Branch1][C][C][=O],L,neu,0,0,alpha,NO,std,0,0,1,2,O,[O],small,0,0,1,1,1
HQNSBDMKOMMDEA-YFKPBYRVSA-N,A168,[A168],Y,CNC(=O)[C@@H](NC(C)=O)c1c(O)c(O)c(O)c(O)c1O,[C][N][C][=Branch1][C][=O][C@@H1][Branch1][#Branch1][N][C][Branch1][C][C][=O][C][=C][Branch1][C][O][C][Branch1][C][O][=C][Branch1][C][O][C][Branch1][C][O][=C][Ring1][#Branch2][O],L,neu,1,0,alpha,NO,std,0,0,1,2,Oc1cc(O)c(O)c(O)c1O,[O][C][=C][C][Branch1][C][O][=C][Branch1][C][O][C][Branch1][C][O][=C][Ring1][=Branch2][O],large,0,1,1,5,5
UBBSFTYMPPRKRA-LURJTMIESA-N,A169,[A169],Y,CNC(=O)[C@H](Cc1c(O)c(O)c(O)c(O)c1O)NC(C)=O,[C][N][C][=Branch1][C][=O][C@H1][Branch2][Ring1][#Branch1][C][C][=C][Branch1][C][O][C][Branch1][C][O][=C][Branch1][C][O][C][Branch1][C][O][=C][Ring1][#Branch2][O][N][C][Branch1][C][C][=O],L,neu,1,0,alpha,NO,std,0,0,1,2,Cc1c(O)c(O)c(O)c(O)c1O,[C][C][=C][Branch1][C][O][C][Branch1][C][O][=C][Branch1][C][O][C][Branch1][C][O][=C][Ring1][#Branch2][O],large,0,2,1,5,5
HIPFUCLQRDYSIK-ZETCQYMHSA-N,A170,[A170],Y,CNC(=O)[C@H](CCc1c(O)c(O)c(O)c(O)c1O)NC(C)=O,[C][N][C][=Branch1][C][=O][C@H1][Branch2][Ring1][Branch2][C][C][C][=C][Branch1][C][O][C][Branch1][C][O][=C][Branch1][C][O][C][Branch1][C][O][=C][Ring1][#Branch2][O][N][C][Branch1][C][C][=O],L,neu,1,0,alpha,NO,std,0,0,1,2,CCc1c(O)c(O)c(O)c(O)c1O,[C][C][C][=C][Branch1][C][O][C][Branch1][C][O][=C][Branch1][C][O][C][Branch1][C][O][=C][Ring1][#Branch2][O],large,0,3,1,5,5
GOWRBXXTZRJNQO-SCSAIBSYSA-N,e03,[e03],P,CNC(=O)[C@@H]1N=NON1C(C)=O,[C][N][C][=Branch1][C][=O][C@@H1][N][=N][O][N][Ring1][Branch1][C][Branch1][C][C][=O],D,neu,0,0,alpha,NCY,std,1,0,1,1,C1N=NON1,[C][N][=N][O][N][Ring1][Branch1],small,0,0,1,0,3
DPTOKDPKLNICKN-SCSAIBSYSA-N,a21,[a21],P,CNC(=O)[C@@H]1N=NN1C(C)=O,[C][N][C][=Branch1][C][=O][C@@H1][N][=N][N][Ring1][Ring2][C][Branch1][C][C][=O],L,neu,0,0,alpha,NCY,std,1,0,1,1,C1N=NN1,[C][N][=N][N][Ring1][Ring2],small,0,0,1,0,2
XRHLBDCNMNGQJC-SCSAIBSYSA-N,a22,[a22],P,CNC(=O)[C@@H]1N=NN=NN1C(C)=O,[C][N][C][=Branch1][C][=O][C@@H1][N][=N][N][=N][N][Ring1][=Branch1][C][Branch1][C][C][=O],L,neu,0,0,alpha,NCY,std,1,0,1,1,C1N=NN=NN1,[C][N][=N][N][=N][N][Ring1][=Branch1],med,0,0,1,0,4
ADKYMMGSPZTPST-SCSAIBSYSA-N,e04,[e04],P,CNC(=O)[C@@H]1N=NN=NON1C(C)=O,[C][N][C][=Branch1][C][=O][C@@H1][N][=N][N][=N][O][N][Ring1][#Branch1][C][Branch1][C][C][=O],D,neu,0,0,alpha,NCY,std,1,0,1,1,C1N=NN=NON1,[C][N][=N][N][=N][O][N][Ring1][#Branch1],large,0,0,1,0,5
YZJXGUWPTRVXBL-BYPYZUCNSA-N,a23,[a23],P,CNC(=O)[C@@H]1C(=O)C(=O)N1C(C)=O,[C][N][C][=Branch1][C][=O][C@@H1][C][=Branch1][C][=O][C][=Branch1][C][=O][N][Ring1][=Branch1][C][Branch1][C][C][=O],L,neu,0,0,alpha,NCY,std,1,0,1,1,O=C1CNC1=O,[O][=C][C][N][C][Ring1][Ring2][=O],med,0,0,1,0,2
PMQLKILMOIRXDZ-BYPYZUCNSA-N,a24,[a24],P,CNC(=O)[C@@H]1C(=O)C(=O)C(=O)N1C(C)=O,[C][N][C][=Branch1][C][=O][C@@H1][C][=Branch1][C][=O][C][=Branch1][C][=O][C][=Branch1][C][=O][N][Ring1][Branch2][C][Branch1][C][C][=O],L,neu,0,0,alpha,NCY,std,1,0,1,1,O=C1CNC(=O)C1=O,[O][=C][C][N][C][=Branch1][C][=O][C][Ring1][=Branch1][=O],large,0,0,1,0,3
NHIPVHHCYHJJBE-BYPYZUCNSA-N,a25,[a25],P,CNC(=O)[C@@H]1C(=O)C(=O)C(=O)C(=O)N1C(C)=O,[C][N][C][=Branch1][C][=O][C@@H1][C][=Branch1][C][=O][C][=Branch1][C][=O][C][=Branch1][C][=O][C][=Branch1][C][=O][N][Ring1][#Branch2][C][Branch1][C][C][=O],L,neu,0,0,alpha,NCY,std,1,0,1,1,O=C1CNC(=O)C(=O)C1=O,[O][=C][C][N][C][=Branch1][C][=O][C][=Branch1][C][=O][C][Ring1][Branch2][=O],large,0,0,1,0,4
YQBGOLAGGMHCSQ-BYPYZUCNSA-N,a26,[a26],P,CNC(=O)[C@@H]1C(=O)C(=O)C(=O)C(=O)C(=O)N1C(C)=O,[C][N][C][=Branch1][C][=O][C@@H1][C][=Branch1][C][=O][C][=Branch1][C][=O][C][=Branch1][C][=O][C][=Branch1][C][=O][C][=Branch1][C][=O][N][Ring1][N][C][Branch1][C][C][=O],L,neu,0,0,alpha,NCY,std,1,0,1,1,O=C1CNC(=O)C(=O)C(=O)C1=O,[O][=C][C][N][C][=Branch1][C][=O][C][=Branch1][C][=O][C][=Branch1][C][=O][C][Ring1][#Branch2][=O],large,0,0,1,0,5
UNWLTEKWQZPHRC-YFKPBYRVSA-N,A171,[A171],V,CNC(=O)[C@@H](NC(C)=O)C1C(=O)C1=O,[C][N][C][=Branch1][C][=O][C@@H1][Branch1][#Branch1][N][C][Branch1][C][C][=O][C][C][=Branch1][C][=O][C][Ring1][Ring2][=O],L,neu,0,0,alpha,NO,std,0,0,1,2,O=C1CC1=O,[O][=C][C][C][Ring1][Ring1][=O],large,0,1,1,0,2
CGXBIXRNWDIFLA-YFKPBYRVSA-N,A172,[A172],I,CNC(=O)[C@@H](NC(C)=O)C1C(=O)C(=O)C1=O,[C][N][C][=Branch1][C][=O][C@@H1][Branch1][#Branch1][N][C][Branch1][C][C][=O][C][C][=Branch1][C][=O][C][=Branch1][C][=O][C][Ring1][=Branch1][=O],L,neu,0,0,alpha,NO,std,0,0,1,2,O=C1CC(=O)C1=O,[O][=C][C][C][=Branch1][C][=O][C][Ring1][Branch1][=O],large,0,1,1,0,3
MHQMYKNEWBEDKM-YFKPBYRVSA-N,A173,[A173],I,CNC(=O)[C@@H](NC(C)=O)C1C(=O)C(=O)C(=O)C1=O,[C][N][C][=Branch1][C][=O][C@@H1][Branch1][#Branch1][N][C][Branch1][C][C][=O][C][C][=Branch1][C][=O][C][=Branch1][C][=O][C][=Branch1][C][=O][C][Ring1][Branch2][=O],L,neu,0,0,alpha,NO,std,0,0,1,2,O=C1CC(=O)C(=O)C1=O,[O][=C][C][C][=Branch1][C][=O][C][=Branch1][C][=O][C][Ring1][#Branch1][=O],large,0,1,1,0,4
WVUIREVCERXDAP-YFKPBYRVSA-N,A174,[A174],I,CNC(=O)[C@@H](NC(C)=O)C1C(=O)C(=O)C(=O)C(=O)C1=O,[C][N][C][=Branch1][C][=O][C@@H1][Branch1][#Branch1][N][C][Branch1][C][C][=O][C][C][=Branch1][C][=O][C][=Branch1][C][=O][C][=Branch1][C][=O][C][=Branch1][C][=O][C][Ring1][#Branch2][=O],L,neu,0,0,alpha,NO,std,0,0,1,2,O=C1CC(=O)C(=O)C(=O)C1=O,[O][=C][C][C][=Branch1][C][=O][C][=Branch1][C][=O][C][=Branch1][C][=O][C][Ring1][=Branch2][=O],large,0,1,1,0,5
JCGRRYZDVIQFAY-LURJTMIESA-N,A175,[A175],I,CNC(=O)[C@@H](NC(C)=O)C(=O)C(=O)C(=O)C(C)=O,[C][N][C][=Branch1][C][=O][C@@H1][Branch1][#Branch1][N][C][Branch1][C][C][=O][C][=Branch1][C][=O][C][=Branch1][C][=O][C][=Branch1][C][=O][C][Branch1][C][C][=O],L,neu,0,0,alpha,NO,std,0,0,1,2,CC(=O)C(=O)C(=O)C=O,[C][C][=Branch1][C][=O][C][=Branch1][C][=O][C][=Branch1][C][=O][C][=O],large,0,4,1,0,4
DRGFWXGKFFRJCK-JWXFUTCRSA-N,A176,[A176],K,CNC(=O)[C@@H](NC(C)=O)[C@H](N)[C@@H](N)[C@H](N)C(N)N,[C][N][C][=Branch1][C][=O][C@@H1][Branch1][#Branch1][N][C][Branch1][C][C][=O][C@H1][Branch1][C][N][C@@H1][Branch1][C][N][C@H1][Branch1][C][N][C][Branch1][C][N][N],L,pos,0,0,alpha,NO,std,0,0,1,2,[NH3+]CC([NH3+])C([NH3+])C([NH3+])[NH3+],[NH3+1][C][C][Branch1][C][NH3+1][C][Branch1][C][NH3+1][C][Branch1][C][NH3+1][NH3+1],large,3,4,1,5,5
DRGFWXGKFFRJCK-YTLHQDLWSA-N,A177,[A177],K,CNC(=O)[C@@H](NC(C)=O)[C@@H](N)[C@H](N)[C@@H](N)C(N)N,[C][N][C][=Branch1][C][=O][C@@H1][Branch1][#Branch1][N][C][Branch1][C][C][=O][C@@H1][Branch1][C][N][C@H1][Branch1][C][N][C@@H1][Branch1][C][N][C][Branch1][C][N][N],L,pos,0,0,alpha,NO,std,0,0,1,2,[NH3+]CC([NH3+])C([NH3+])C([NH3+])[NH3+],[NH3+1][C][C][Branch1][C][NH3+1][C][Branch1][C][NH3+1][C][Branch1][C][NH3+1][NH3+1],large,3,4,1,5,5
ZWETZCRDDFGQSK-YFKPBYRVSA-N,A178,[A178],T,CNC(=O)[C@@H](NC(C)=O)C1C(O)=C1O,[C][N][C][=Branch1][C][=O][C@@H1][Branch1][#Branch1][N][C][Branch1][C][C][=O][C][C][Branch1][C][O][=C][Ring1][Ring2][O],L,neu,0,0,alpha,NO,std,0,0,1,2,OC1=C(O)C1,[O][C][=C][Branch1][C][O][C][Ring1][Ring2],large,0,1,1,2,2
XXTVPEBAEAJPKN-LURJTMIESA-N,A179,[A179],T,CNC(=O)[C@H](CC1C(O)=C1O)NC(C)=O,[C][N][C][=Branch1][C][=O][C@H1][Branch1][O][C][C][C][Branch1][C][O][=C][Ring1][Ring2][O][N][C][Branch1][C][C][=O],L,neu,0,0,alpha,NO,std,0,0,1,2,CC1C(O)=C1O,[C][C][C][Branch1][C][O][=C][Ring1][Ring2][O],large,0,2,1,2,2
HDZIKMOCBJYXDW-ZETCQYMHSA-N,A180,[A180],T,CNC(=O)[C@H](CCC1C(O)=C1O)NC(C)=O,[C][N][C][=Branch1][C][=O][C@H1][Branch1][N][C][C][C][C][Branch1][C][O][=C][Ring1][Ring2][O][N][C][Branch1][C][C][=O],L,neu,0,0,alpha,NO,std,0,0,1,2,CCC1C(O)=C1O,[C][C][C][C][Branch1][C][O][=C][Ring1][Ring2][O],large,0,3,1,2,2
GPZWWGKIWAOGBA-SCSAIBSYSA-N,e05,[e05],P,CNC(=O)[C@@H]1NNNN1C(C)=O,[C][N][C][=Branch1][C][=O][C@@H1][N][N][N][N][Ring1][Branch1][C][Branch1][C][C][=O],D,pos,0,0,alpha,NCY,std,1,0,1,1,C1N[NH2+][NH2+][NH2+]1,[C][N][NH2+1][NH2+1][NH2+1][Ring1][Branch1],small,0,0,1,3,3
XECJGUUNBYSRRT-SCSAIBSYSA-N,e06,[e06],P,CNC(=O)[C@@H]1NNN1C(C)=O,[C][N][C][=Branch1][C][=O][C@@H1][N][N][N][Ring1][Ring2][C][Branch1][C][C][=O],D,pos,0,0,alpha,NCY,std,1,0,1,1,C1N[NH2+][NH2+]1,[C][N][NH2+1][NH2+1][Ring1][Ring2],small,0,0,1,2,2
HGLSATWVIIHCET-SCSAIBSYSA-N,e07,[e07],P,CNC(=O)[C@@H]1NNNNN1C(C)=O,[C][N][C][=Branch1][C][=O][C@@H1][N][N][N][N][N][Ring1][=Branch1][C][Branch1][C][C][=O],D,pos,0,0,alpha,NCY,std,1,0,1,1,C1N[NH2+][NH2+][NH2+][NH2+]1,[C][N][NH2+1][NH2+1][NH2+1][NH2+1][Ring1][=Branch1],med,0,0,1,4,4
OMNCKEBCMZLYLM-SCSAIBSYSA-N,e08,[e08],P,CNC(=O)[C@@H]1NNNNNN1C(C)=O,[C][N][C][=Branch1][C][=O][C@@H1][N][N][N][N][N][N][Ring1][#Branch1][C][Branch1][C][C][=O],D,pos,0,0,alpha,NCY,std,1,0,1,1,C1N[NH2+][NH2+][NH2+][NH2+][NH2+]1,[C][N][NH2+1][NH2+1][NH2+1][NH2+1][NH2+1][Ring1][#Branch1],large,0,0,1,5,5
HVRNUDZUPWMQAW-SCSAIBSYSA-N,a27,[a27],P,CNC(=O)[C@H]1N(C(C)=O)C(O)(O)C1(O)O,[C][N][C][=Branch1][C][=O][C@H1][N][Branch1][=Branch1][C][Branch1][C][C][=O][C][Branch1][C][O][Branch1][C][O][C][Ring1][=Branch2][Branch1][C][O][O],L,neu,0,0,alpha,NCY,std,1,0,1,1,OC1(O)CNC1(O)O,[O][C][Branch1][C][O][C][N][C][Ring1][Branch1][Branch1][C][O][O],large,0,0,1,4,4
GFPFPJMUBBFYGZ-SCSAIBSYSA-N,a28,[a28],P,CNC(=O)[C@H]1N(C(C)=O)C(O)(O)C(O)(O)C1(O)O,[C][N][C][=Branch1][C][=O][C@H1][N][Branch1][=Branch1][C][Branch1][C][C][=O][C][Branch1][C][O][Branch1][C][O][C][Branch1][C][O][Branch1][C][O][C][Ring1][N][Branch1][C][O][O],L,neu,0,0,alpha,NCY,std,1,0,1,1,OC1(O)CNC(O)(O)C1(O)O,[O][C][Branch1][C][O][C][N][C][Branch1][C][O][Branch1][C][O][C][Ring1][Branch2][Branch1][C][O][O],large,0,0,1,6,6
AXYUFOMDCOBIQG-SCSAIBSYSA-N,a29,[a29],P,CNC(=O)[C@H]1N(C(C)=O)C(O)(O)C(O)(O)C(O)(O)C1(O)O,[C][N][C][=Branch1][C][=O][C@H1][N][Branch1][=Branch1][C][Branch1][C][C][=O][C][Branch1][C][O][Branch1][C][O][C][Branch1][C][O][Branch1][C][O][C][Branch1][C][O][Branch1][C][O][C][Ring1][#C][Branch1][C][O][O],L,neu,0,0,alpha,NCY,std,1,0,1,1,OC1(O)CNC(O)(O)C(O)(O)C1(O)O,[O][C][Branch1][C][O][C][N][C][Branch1][C][O][Branch1][C][O][C][Branch1][C][O][Branch1][C][O][C][Ring1][O][Branch1][C][O][O],large,0,0,1,8,8
ZKNKGZTUPKELIF-SCSAIBSYSA-N,a30,[a30],P,CNC(=O)[C@H]1N(C(C)=O)C(O)(O)C(O)(O)C(O)(O)C(O)(O)C1(O)O,[C][N][C][=Branch1][C][=O][C@H1][N][Branch1][=Branch1][C][Branch1][C][C][=O][C][Branch1][C][O][Branch1][C][O][C][Branch1][C][O][Branch1][C][O][C][Branch1][C][O][Branch1][C][O][C][Branch1][C][O][Branch1][C][O][C][Ring2][Ring1][C][Branch1][C][O][O],L,neu,0,0,alpha,NCY,std,1,0,1,1,OC1(O)CNC(O)(O)C(O)(O)C(O)(O)C1(O)O,[O][C][Branch1][C][O][C][N][C][Branch1][C][O][Branch1][C][O][C][Branch1][C][O][Branch1][C][O][C][Branch1][C][O][Branch1][C][O][C][Ring1][=C][Branch1][C][O][O],large,0,0,1,10,10
YRZQZJRAZAJXQS-QMMMGPOBSA-N,A181,[A181],T,CNC(=O)[C@H](CCCCO)NC(C)=O,[C][N][C][=Branch1][C][=O][C@H1][Branch1][=Branch1][C][C][C][C][O][N][C][Branch1][C][C][=O],L,neu,0,0,alpha,NO,std,0,0,1,2,CCCCO,[C][C][C][C][O],large,0,4,1,1,1
MWEVOGFNBQVTGG-VIFPVBQESA-N,A182,[A182],T,CNC(=O)[C@H](CCCCCO)NC(C)=O,[C][N][C][=Branch1][C][=O][C@H1][Branch1][#Branch1][C][C][C][C][C][O][N][C][Branch1][C][C][=O],L,neu,0,0,alpha,NO,std,0,0,1,2,CCCCCO,[C][C][C][C][C][O],large,0,5,1,1,1
FDEACHLPHRBYQK-JTQLQIEISA-N,A183,[A183],T,CNC(=O)[C@H](CCCCCCO)NC(C)=O,[C][N][C][=Branch1][C][=O][C@H1][Branch1][Branch2][C][C][C][C][C][C][O][N][C][Branch1][C][C][=O],L,neu,0,0,alpha,NO,std,0,0,1,2,CCCCCCO,[C][C][C][C][C][C][O],large,0,6,1,1,1
RYVNJATYYCJCOU-MRVPVSSYSA-N,S01,[S01],A,C=C[C@H](CCC(=O)NC)NC(C)=O,[C][=C][C@H1][Branch1][=Branch2][C][C][C][=Branch1][C][=O][N][C][N][C][Branch1][C][C][=O],L,neu,0,0,gamma,NO,long,0,0,1,4,C=C,[C][=C],small,0,1,0,0,0
OAVQVXYRLLKQOQ-NSHDSACASA-N,U01,[U01],F,CNC(=O)C[C@@H](CNC(C)=O)c1ccc(Cl)cc1,[C][N][C][=Branch1][C][=O][C][C@@H1][Branch1][Branch2][C][N][C][Branch1][C][C][=O][C][=C][C][=C][Branch1][C][Cl][C][=C][Ring1][#Branch1],D,neu,1,1,gamma,NO,long,0,0,1,4,Clc1ccccc1,[Cl][C][=C][C][=C][C][=C][Ring1][=Branch1],large,0,1,1,0,0
BHGRIVQLZKECFW-JTQLQIEISA-N,S02,[S02],L,CNC(=O)C[C@@H](CNC(C)=O)CC(C)C,[C][N][C][=Branch1][C][=O][C][C@@H1][Branch1][Branch2][C][N][C][Branch1][C][C][=O][C][C][Branch1][C][C][C],L,neu,0,0,gamma,NO,long,0,0,1,4,CC(C)C,[C][C][Branch1][C][C][C],med,0,2,0,0,0
LSLSZQDVKYMJJB-UHFFFAOYSA-N,W01,[W01],I,CNC(=O)CC1(CNC(C)=O)CCCCC1,[C][N][C][=Branch1][C][=O][C][C][Branch1][Branch2][C][N][C][Branch1][C][C][=O][C][C][C][C][C][Ring1][O],A,neu,0,0,gamma,NO,long,0,0,0,4,CCCCC,[C][C][C][C][C],large,0,0,0,0,0
IZRQTTZDSXLUGU-ONEGZZNKSA-N,W02,[W02],G,CNC(=O)/C=C/CNC(C)=O,[C][N][C][=Branch1][C][=O][/C][=C][/C][N][C][Branch1][C][C][=O],A,neu,0,0,gamma,NO,long,0,0,0,3,[H],,small,0,0,0,0,0
IZRQTTZDSXLUGU-ARJAWSKDSA-N,W03,[W03],G,CNC(=O)/C=C\CNC(C)=O,[C][N][C][=Branch1][C][=O][/C][=C][\C][N][C][Branch1][C][C][=O],A,neu,0,0,gamma,NO,long,0,0,0,3,[H],,small,0,0,0,0,0
SMUMCMHAQHZNDA-LURJTMIESA-N,S03,[S03],A,CNC(=O)[C@@H](C)CCNC(C)=O,[C][N][C][=Branch1][C][=O][C@@H1][Branch1][C][C][C][C][N][C][Branch1][C][C][=O],L,neu,0,0,gamma,NO,long,0,0,1,4,C,[C],small,0,0,0,0,0
SMUMCMHAQHZNDA-ZCFIWIBFSA-N,U02,[U02],A,CNC(=O)[C@H](C)CCNC(C)=O,[C][N][C][=Branch1][C][=O][C@H1][Branch1][C][C][C][C][N][C][Branch1][C][C][=O],D,neu,0,0,gamma,NO,long,0,0,1,4,C,[C],small,0,0,0,0,0
YJANSGMXUQBXJQ-BQBZGAKWSA-N,S04,[S04],V,CNC(=O)[C@H]1C[C@H]1CNC(C)=O,[C][N][C][=Branch1][C][=O][C@H1][C][C@H1][Ring1][Ring1][C][N][C][Branch1][C][C][=O],L,neu,0,0,gamma,NO,long,0,1,2,3,C1CC1,[C][C][C][Ring1][Ring1],small,0,0,0,0,0
YJANSGMXUQBXJQ-RNFRBKRXSA-N,U03,[U03],V,CNC(=O)[C@@H]1C[C@@H]1CNC(C)=O,[C][N][C][=Branch1][C][=O][C@@H1][C][C@@H1][Ring1][Ring1][C][N][C][Branch1][C][C][=O],D,neu,0,0,gamma,NO,long,0,1,2,3,C1CC1,[C][C][C][Ring1][Ring1],small,0,0,0,0,0
IBGBFKSXFKDBKN-UPJWGTAASA-N,U04,[U04],F,CNC(=O)[C@@H]1C[C@H]1[C@@H](NC(C)=O)c1ccccc1,[C][N][C][=Branch1][C][=O][C@@H1][C][C@H1][Ring1][Ring1][C@@H1][Branch1][#Branch1][N][C][Branch1][C][C][=O][C][=C][C][=C][C][=C][Ring1][=Branch1],D,neu,1,0,gamma,NO,long,0,1,3,3,c1ccccc1.C1CC1,[C][=C][C][=C][C][=C][Ring1][=Branch1].[C][C][C][Ring1][Ring1],large,0,1,0,0,0
KGXSUJKKEDZVJE-KCQAQPDRSA-N,U05,[U05],F,CNC(=O)[C@]1(C)C[C@H]1[C@@H](NC(C)=O)c1ccccc1,[C][N][C][=Branch1][C][=O][C@][Branch1][C][C][C][C@H1][Ring1][Ring2][C@@H1][Branch1][#Branch1][N][C][Branch1][C][C][=O][C][=C][C][=C][C][=C][Ring1][=Branch1],D,neu,1,0,gamma,NO,long,0,1,3,3,CC1CC1.c1ccccc1,[C][C][C][C][Ring1][Ring1].[C][=C][C][=C][C][=C][Ring1][=Branch1],large,0,1,0,0,0
QAUMURCKZKMHNC-KCQAQPDRSA-N,U06,[U06],F,CNC(=O)[C@@H]1C[C@@]1(C)[C@@H](NC(C)=O)c1ccccc1,[C][N][C][=Branch1][C][=O][C@@H1][C][C@@][Ring1][Ring1][Branch1][C][C][C@@H1][Branch1][#Branch1][N][C][Branch1][C][C][=O][C][=C][C][=C][C][=C][Ring1][=Branch1],D,neu,1,0,gamma,NO,long,0,1,3,3,CC1CC1.c1ccccc1,[C][C][C][C][Ring1][Ring1].[C][=C][C][=C][C][=C][Ring1][=Branch1],large,0,1,0,0,0
VCRYLXUBPLIBCD-YUMQZZPRSA-N,S05,[S05],I,CNC(=O)[C@H]1CC[C@H]1CNC(C)=O,[C][N][C][=Branch1][C][=O][C@H1][C][C][C@H1][Ring1][Ring2][C][N][C][Branch1][C][C][=O],L,neu,0,0,gamma,NO,long,0,1,2,3,C1CCC1,[C][C][C][C][Ring1][Ring2],small,0,0,0,0,0
VCRYLXUBPLIBCD-HTQZYQBOSA-N,U07,[U07],I,CNC(=O)[C@@H]1CC[C@@H]1CNC(C)=O,[C][N][C][=Branch1][C][=O][C@@H1][C][C][C@@H1][Ring1][Ring2][C][N][C][Branch1][C][C][=O],D,neu,0,0,gamma,NO,long,0,1,2,3,C1CCC1,[C][C][C][C][Ring1][Ring2],small,0,0,0,0,0
SQEYIVYPWXOIAA-JGVFFNPUSA-N,S06,[S06],I,CNC(=O)[C@H]1CC[C@@H](NC(C)=O)C1,[C][N][C][=Branch1][C][=O][C@H1][C][C][C@@H1][Branch1][#Branch1][N][C][Branch1][C][C][=O][C][Ring1][=Branch2],L,neu,0,0,gamma,NO,long,0,1,2,2,C1CCCC1,[C][C][C][C][C][Ring1][Branch1],small,0,0,0,0,0
XYJBNRKVQDUJAH-MRVPVSSYSA-N,U08,[U08],I,CNC(=O)C1=CC[C@@H](NC(C)=O)C1,[C][N][C][=Branch1][C][=O][C][=C][C][C@@H1][Branch1][#Branch1][N][C][Branch1][C][C][=O][C][Ring1][=Branch2],D,neu,0,0,gamma,NO,long,0,1,1,2,C1=CCCC1,[C][=C][C][C][C][Ring1][Branch1],small,0,0,0,0,0
SDYOORCJWBFUEW-OYNCUSHFSA-N,S07,[S07],I,CNC(=O)[C@H]1CC[C@@]2(NC(C)=O)C[C@@H]12,[C][N][C][=Branch1][C][=O][C@H1][C][C][C@@][Branch1][#Branch1][N][C][Branch1][C][C][=O][C][C@@H1][Ring1][#Branch2][Ring1][#Branch1],L,neu,0,0,gamma,NO,long,0,2,3,2,C1CC2CC2C1,[C][C][C][C][C][Ring1][Ring1][C][Ring1][=Branch1],small,0,0,0,0,0
SQEYIVYPWXOIAA-YUMQZZPRSA-N,S08,[S08],I,CNC(=O)[C@H]1CC[C@H](NC(C)=O)C1,[C][N][C][=Branch1][C][=O][C@H1][C][C][C@H1][Branch1][#Branch1][N][C][Branch1][C][C][=O][C][Ring1][=Branch2],L,neu,0,0,gamma,NO,long,0,1,2,2,C1CCCC1,[C][C][C][C][C][Ring1][Branch1],small,0,0,0,0,0
SQEYIVYPWXOIAA-HTQZYQBOSA-N,U09,[U09],I,CNC(=O)[C@@H]1CC[C@@H](NC(C)=O)C1,[C][N][C][=Branch1][C][=O][C@@H1][C][C][C@@H1][Branch1][#Branch1][N][C][Branch1][C][C][=O][C][Ring1][=Branch2],D,neu,0,0,gamma,NO,long,0,1,2,2,C1CCCC1,[C][C][C][C][C][Ring1][Branch1],small,0,0,0,0,0
XYJBNRKVQDUJAH-QMMMGPOBSA-N,S09,[S09],I,CNC(=O)C1=CC[C@H](NC(C)=O)C1,[C][N][C][=Branch1][C][=O][C][=C][C][C@H1][Branch1][#Branch1][N][C][Branch1][C][C][=O][C][Ring1][=Branch2],L,neu,0,0,gamma,NO,long,0,1,1,2,C1=CCCC1,[C][=C][C][C][C][Ring1][Branch1],small,0,0,0,0,0
UNOVQDGUVPZHAR-SFYZADRCSA-N,S10,[S10],I,CNC(=O)[C@@H]1C=C[C@H](NC(C)=O)C1,[C][N][C][=Branch1][C][=O][C@@H1][C][=C][C@H1][Branch1][#Branch1][N][C][Branch1][C][C][=O][C][Ring1][=Branch2],L,neu,0,0,gamma,NO,long,0,1,2,2,C1=CCCC1,[C][=C][C][C][C][Ring1][Branch1],small,0,0,0,0,0
OWCGJGPXCGRXKE-IUCAKERBSA-N,S11,[S11],I,C=C1C[C@H](C(=O)NC)C[C@@H]1NC(C)=O,[C][=C][C][C@H1][Branch1][#Branch1][C][=Branch1][C][=O][N][C][C][C@@H1][Ring1][=Branch2][N][C][Branch1][C][C][=O],L,neu,0,0,gamma,NO,long,0,1,2,2,C=C1CCCC1,[C][=C][C][C][C][C][Ring1][Branch1],small,0,0,0,0,0
LEHAIYIWPCHTQJ-QMMMGPOBSA-N,s01,[s01],P,CNC(=O)C[C@@H]1CCN(C(C)=O)C1,[C][N][C][=Branch1][C][=O][C][C@@H1][C][C][N][Branch1][=Branch1][C][Branch1][C][C][=O][C][Ring1][Branch2],L,neu,0,0,gamma,NCY,long,1,0,1,2,C1CCNC1,[C][C][C][N][C][Ring1][Branch1],small,0,0,0,0,0
LEHAIYIWPCHTQJ-MRVPVSSYSA-N,u01,[u01],P,CNC(=O)C[C@H]1CCN(C(C)=O)C1,[C][N][C][=Branch1][C][=O][C][C@H1][C][C][N][Branch1][=Branch1][C][Branch1][C][C][=O][C][Ring1][Branch2],D,neu,0,0,gamma,NCY,long,1,0,1,2,C1CCNC1,[C][C][C][N][C][Ring1][Branch1],small,0,0,0,0,0
KBGSTJIJKXCBCM-LURJTMIESA-N,S12,[S12],A,CNC(=O)C#C[C@H](C)NC(C)=O,[C][N][C][=Branch1][C][=O][C][#C][C@H1][Branch1][C][C][N][C][Branch1][C][C][=O],L,neu,0,0,gamma,NO,long,0,0,1,1,C,[C],small,0,0,0,0,0
GUMSOOMBJJBVND-ZCFIWIBFSA-N,U10,[U10],ncaa,CNC(=O)C[C@@H](O)CNC(C)=O,[C][N][C][=Branch1][C][=O][C][C@@H1][Branch1][C][O][C][N][C][Branch1][C][C][=O],D,neu,0,0,gamma,NO,long,0,0,1,4,O,[O],small,0,0,1,1,1
QBOPUOLSIBZJSD-UWVGGRQHSA-N,S13,[S13],L,CNC(=O)C[C@H](O)[C@H](CC(C)C)NC(C)=O,[C][N][C][=Branch1][C][=O][C][C@H1][Branch1][C][O][C@H1][Branch1][#Branch1][C][C][Branch1][C][C][C][N][C][Branch1][C][C][=O],L,neu,0,0,gamma,NO,long,0,0,2,4,O.CC(C)C,[O].[C][C][Branch1][C][C][C],large,0,2,1,1,1
ICQIYDMEXSLOEF-WCBMZHEXSA-N,S14,[S14],V,CNC(=O)C[C@H](O)[C@H](NC(C)=O)C(C)C,[C][N][C][=Branch1][C][=O][C][C@H1][Branch1][C][O][C@H1][Branch1][#Branch1][N][C][Branch1][C][C][=O][C][Branch1][C][C][C],L,neu,0,0,gamma,NO,long,0,0,2,4,O.CCC,[O].[C][C][C],med,0,1,1,1,1
GRXYDWIZRKIZIF-STQMWFEESA-N,S15,[S15],I,CNC(=O)C[C@H](O)[C@H](CC1CCCCC1)NC(C)=O,[C][N][C][=Branch1][C][=O][C][C@H1][Branch1][C][O][C@H1][Branch1][#Branch2][C][C][C][C][C][C][C][Ring1][=Branch1][N][C][Branch1][C][C][=O],L,neu,0,0,gamma,NO,long,0,0,2,4,O.CC1CCCCC1,[O].[C][C][C][C][C][C][C][Ring1][=Branch1],large,0,2,1,1,1
KVEIYYSDBMJSSS-ARENWVFISA-N,S16,[S16],I,CC[C@H](C)[C@H](NC(C)=O)[C@@H](O)CC(=O)NC,[C][C][C@H1][Branch1][C][C][C@H1][Branch1][#Branch1][N][C][Branch1][C][C][=O][C@@H1][Branch1][C][O][C][C][=Branch1][C][=O][N][C],L,neu,0,0,gamma,NO,long,0,0,2,4,O.CCCC,[O].[C][C][C][C],large,1,2,1,1,1
CGEUALRUJSIKBL-QWHCGFSZSA-N,U11,[U11],F,CNC(=O)C[C@@H](O)[C@H](Cc1ccccc1)NC(C)=O,[C][N][C][=Branch1][C][=O][C][C@@H1][Branch1][C][O][C@H1][Branch1][#Branch2][C][C][=C][C][=C][C][=C][Ring1][=Branch1][N][C][Branch1][C][C][=O],D,neu,1,0,gamma,NO,long,0,0,2,4,O.Cc1ccccc1,[O].[C][C][=C][C][=C][C][=C][Ring1][=Branch1],large,0,2,1,1,1
UIOCDCMCMWBFRD-ZCFIWIBFSA-N,U12,[U12],ncaa,CNC(=O)C[C@@H](N)CNC(C)=O,[C][N][C][=Branch1][C][=O][C][C@@H1][Branch1][C][N][C][N][C][Branch1][C][C][=O],D,pos,0,0,gamma,NO,long,0,0,1,4,[NH3+],[NH3+1],small,0,0,1,1,1
SVBHDVXFPJSXSW-LBPRGKRZSA-N,U13,[U13],F,CNC(=O)C[C@@H](CNC(C)=O)c1ccccc1,[C][N][C][=Branch1][C][=O][C][C@@H1][Branch1][Branch2][C][N][C][Branch1][C][C][=O][C][=C][C][=C][C][=C][Ring1][=Branch1],D,neu,1,0,gamma,NO,long,0,0,1,4,c1ccccc1,[C][=C][C][=C][C][=C][Ring1][=Branch1],large,0,1,0,0,0
GEXFXXQRJGQTPU-WAQLSPKVSA-N,W04,[W04],I,CNC(=O)CC1(CNC(C)=O)C[C@@H]2C=CC[C@@H]21,[C][N][C][=Branch1][C][=O][C][C][Branch1][Branch2][C][N][C][Branch1][C][C][=O][C][C@@H1][C][=C][C][C@@H1][Ring1][Branch1][Ring1][N],A,neu,0,0,gamma,NO,long,0,0,0,4,CC1C=CCC1,[C][C][C][=C][C][C][Ring1][Branch1],large,2,0,0,0,0
YYHGRXJLYAYKON-RITPCOANSA-N,S17,[S17],T,CNC(=O)[C@H]1O[C@@H]1CNC(C)=O,[C][N][C][=Branch1][C][=O][C@H1][O][C@@H1][Ring1][Ring1][C][N][C][Branch1][C][C][=O],L,neu,0,0,gamma,NO,long,0,1,2,3,C1CO1,[C][C][O][Ring1][Ring1],small,0,0,1,0,1
PHHMJOJFGQGUJG-BQBZGAKWSA-N,S18,[S18],V,CNC(=O)C[C@@H]1C[C@@H]1NC(C)=O,[C][N][C][=Branch1][C][=O][C][C@@H1][C][C@@H1][Ring1][Ring1][N][C][Branch1][C][C][=O],L,neu,0,0,gamma,NO,long,0,1,2,3,C1CC1,[C][C][C][Ring1][Ring1],small,0,0,0,0,0
RSWXQELOHQPUMH-YUMQZZPRSA-N,S19,[S19],I,CNC(=O)C[C@@H]1CC[C@@H]1NC(C)=O,[C][N][C][=Branch1][C][=O][C][C@@H1][C][C][C@@H1][Ring1][Ring2][N][C][Branch1][C][C][=O],L,neu,0,0,gamma,NO,long,0,1,2,3,C1CCC1,[C][C][C][C][Ring1][Ring2],small,0,0,0,0,0
RSWXQELOHQPUMH-HTQZYQBOSA-N,U14,[U14],I,CNC(=O)C[C@H]1CC[C@H]1NC(C)=O,[C][N][C][=Branch1][C][=O][C][C@H1][C][C][C@H1][Ring1][Ring2][N][C][Branch1][C][C][=O],D,neu,0,0,gamma,NO,long,0,1,2,3,C1CCC1,[C][C][C][C][Ring1][Ring2],small,0,0,0,0,0
VHURSHLBFFWDIN-IUCAKERBSA-N,S20,[S20],I,CNC(=O)[C@H]1CCC[C@H]1CNC(C)=O,[C][N][C][=Branch1][C][=O][C@H1][C][C][C][C@H1][Ring1][Branch1][C][N][C][Branch1][C][C][=O],L,neu,0,0,gamma,NO,long,0,1,2,3,C1CCCC1,[C][C][C][C][C][Ring1][Branch1],small,0,0,0,0,0
ZAUNSLKYIDAUNR-UWVGGRQHSA-N,S21,[S21],I,CNC(=O)[C@H]1CCCC[C@H]1CNC(C)=O,[C][N][C][=Branch1][C][=O][C@H1][C][C][C][C][C@H1][Ring1][=Branch1][C][N][C][Branch1][C][C][=O],L,neu,0,0,gamma,NO,long,0,1,2,3,C1CCCCC1,[C][C][C][C][C][C][Ring1][=Branch1],med,0,0,0,0,0
PEBQKGQRGKORCL-DTWKUNHWSA-N,S22,[S22],I,CNC(=O)[C@H]1CCC[C@@H](NC(C)=O)C1,[C][N][C][=Branch1][C][=O][C@H1][C][C][C][C@@H1][Branch1][#Branch1][N][C][Branch1][C][C][=O][C][Ring1][#Branch2],L,neu,0,0,gamma,NO,long,0,1,2,2,C1CCCCC1,[C][C][C][C][C][C][Ring1][=Branch1],small,0,0,0,0,0
ORUDTNTUIMPZDG-NJZVZMLASA-N,S23,[S23],T,CNC(=O)[C@@]1(O)[C@H](O)[C@H](O)[C@H](O)[C@@H](NC(C)=O)[C@H]1O,[C][N][C][=Branch1][C][=O][C@@][Branch1][C][O][C@H1][Branch1][C][O][C@H1][Branch1][C][O][C@H1][Branch1][C][O][C@@H1][Branch1][#Branch1][N][C][Branch1][C][C][=O][C@H1][Ring1][=C][O],L,neu,0,0,gamma,NO,long,0,1,3,2,OC1CC(O)C(O)C(O)C1O,[O][C][C][C][Branch1][C][O][C][Branch1][C][O][C][Branch1][C][O][C][Ring1][=Branch2][O],large,3,0,1,5,5
ATXWMXIGJVKDRH-ALXXOCQFSA-N,S24,[S24],T,CNC(=O)[C@H]1O[C@H](O)[C@H](O)[C@H](NC(C)=O)[C@@H]1O,[C][N][C][=Branch1][C][=O][C@H1][O][C@H1][Branch1][C][O][C@H1][Branch1][C][O][C@H1][Branch1][#Branch1][N][C][Branch1][C][C][=O][C@@H1][Ring1][N][O],L,neu,0,0,gamma,NO,long,0,1,3,2,OC1COC(O)C(O)C1,[O][C][C][O][C][Branch1][C][O][C][Branch1][C][O][C][Ring1][Branch2],large,2,0,1,3,4
RWONTGCYTPMSKI-UJNFCWOMSA-N,s02,[s02],P,CO[C@H]([C@H](C)C(=O)O)[C@@H]1CCCN1C(C)=O,[C][O][C@H1][Branch1][#Branch2][C@H1][Branch1][C][C][C][=Branch1][C][=O][O][C@@H1][C][C][C][N][Ring1][Branch1][C][Branch1][C][C][=O],L,neg,0,0,gamma,NCY,long,1,0,3,3,C.[O-].CO.C1CCNC1,[C].[O-1].[C][O].[C][C][C][N][C][Ring1][Branch1],large,0,1,1,0,2
SINJGJDILJKCCW-SNVBAGLBSA-N,N01,[N01],H,C=C(C(=O)NC)[C@@H](NC(C)=O)c1ccco1,[C][=C][Branch1][#Branch1][C][=Branch1][C][=O][N][C][C@@H1][Branch1][#Branch1][N][C][Branch1][C][C][=O][C][=C][C][=C][O][Ring1][Branch1],D,neu,1,0,beta,NO,mid,0,0,1,3,C.c1ccoc1,[C].[C][C][=C][O][C][=Ring1][Branch1],large,0,1,1,0,1
RPSFUJMXMBMUDX-FSDSQADBSA-N,N02,[N02],E,CNC(=O)[C@H]1[C@@H](NC(C)=O)[C@@H]1C(=O)OC,[C][N][C][=Branch1][C][=O][C@H1][C@@H1][Branch1][#Branch1][N][C][Branch1][C][C][=O][C@@H1][Ring1][#Branch1][C][=Branch1][C][=O][O][C],D,neu,0,0,beta,NO,mid,0,1,2,2,COC(=O)C1CC1,[C][O][C][=Branch1][C][=O][C][C][C][Ring1][Ring1],large,1,2,1,0,2
REVGUQWBIPJYOE-RQJHMYQMSA-N,N03,[N03],I,CNC(=O)[C@@H]1CC[C@@H]1NC(C)=O,[C][N][C][=Branch1][C][=O][C@@H1][C][C][C@@H1][Ring1][Ring2][N][C][Branch1][C][C][=O],D,neu,0,0,beta,NO,mid,0,1,2,2,C1CCC1,[C][C][C][C][Ring1][Ring2],small,0,0,0,0,0
ZTSAPOZFPAPBJK-SFYZADRCSA-N,N04,[N04],I,CNC(=O)[C@@H]1CCC[C@@H]1NC(C)=O,[C][N][C][=Branch1][C][=O][C@@H1][C][C][C][C@@H1][Ring1][Branch1][N][C][Branch1][C][C][=O],D,neu,0,0,beta,NO,mid,0,1,2,2,C1CCCC1,[C][C][C][C][C][Ring1][Branch1],small,0,0,0,0,0
ZTSAPOZFPAPBJK-HTQZYQBOSA-N,N05,[N05],I,CNC(=O)[C@@H]1CCC[C@H]1NC(C)=O,[C][N][C][=Branch1][C][=O][C@@H1][C][C][C][C@H1][Ring1][Branch1][N][C][Branch1][C][C][=O],D,neu,0,0,beta,NO,mid,0,1,2,2,C1CCCC1,[C][C][C][C][C][Ring1][Branch1],small,0,0,0,0,0
DUVLNEMXUWSBKF-RNFRBKRXSA-N,N06,[N06],K,CNC(=O)[C@@H]1CNC[C@H]1NC(C)=O,[C][N][C][=Branch1][C][=O][C@@H1][C][N][C][C@H1][Ring1][Branch1][N][C][Branch1][C][C][=O],D,pos,0,0,beta,NO,mid,0,1,2,2,C1CC[NH2+]C1,[C][C][C][NH2+1][C][Ring1][Branch1],small,0,0,1,1,1
RRDQKZJLIZPCOM-BDAKNGLRSA-N,N07,[N07],I,CNC(=O)[C@@H]1CCCC[C@@H]1NC(C)=O,[C][N][C][=Branch1][C][=O][C@@H1][C][C][C][C][C@@H1][Ring1][=Branch1][N][C][Branch1][C][C][=O],D,neu,0,0,beta,NO,mid,0,1,2,2,C1CCCCC1,[C][C][C][C][C][C][Ring1][=Branch1],med,0,0,0,0,0
WXKBREREFDYUAY-UHFFFAOYSA-N,Q01,[Q01],A,CNC(=O)CC1(NC(C)=O)CC1,[C][N][C][=Branch1][C][=O][C][C][Branch1][#Branch1][N][C][Branch1][C][C][=O][C][C][Ring1][#Branch1],A,neu,0,0,beta,NO,mid,0,0,0,3,CC,[C][C],small,0,0,0,0,0
DUSAGFGNIDIZEE-UHFFFAOYSA-N,Q02,[Q02],A,CNC(=O)C(C)(C)CNC(C)=O,[C][N][C][=Branch1][C][=O][C][Branch1][C][C][Branch1][C][C][C][N][C][Branch1][C][C][=O],A,neu,0,0,beta,NO,mid,0,0,0,3,C.C,[C].[C],small,0,0,0,0,0
TZGLELLMTHESDC-UHFFFAOYSA-N,Q03,[Q03],A,CNC(=O)CC(C)(C)NC(C)=O,[C][N][C][=Branch1][C][=O][C][C][Branch1][C][C][Branch1][C][C][N][C][Branch1][C][C][=O],A,neu,0,0,beta,NO,mid,0,0,0,3,C.C,[C].[C],small,0,0,0,0,0
BQBFJCZQTILETR-UHFFFAOYSA-N,Q04,[Q04],ncaa,CNC(=O)CS(=O)(=O)NC(C)=O,[C][N][C][=Branch1][C][=O][C][S][=Branch1][C][=O][=Branch1][C][=O][N][C][Branch1][C][C][=O],A,neu,0,0,beta,NO,mid,0,0,0,3,O.O,[O].[O],small,0,0,1,0,2
LRFGENXIRWYBLJ-UHFFFAOYSA-N,Q05,[Q05],A,C=C(CNC(C)=O)C(=O)NC,[C][=C][Branch1][Branch2][C][N][C][Branch1][C][C][=O][C][=Branch1][C][=O][N][C],A,neu,0,0,beta,NO,mid,0,0,0,3,C,[C],small,0,0,0,0,0
ZYGVIADSIWVMJP-ZETCQYMHSA-N,S25,[S25],A,CNC(=O)CC[C@@H](C#N)NC(C)=O,[C][N][C][=Branch1][C][=O][C][C][C@@H1][Branch1][Ring1][C][#N][N][C][Branch1][C][C][=O],L,neu,0,0,gamma,NO,long,0,0,1,4,C#N,[C][#N],small,0,0,1,0,1
LGCCARKYQGNJMX-YFKPBYRVSA-N,K01,[K01],A,CNC(=O)C[C@H](C)NC(C)=O,[C][N][C][=Branch1][C][=O][C][C@H1][Branch1][C][C][N][C][Branch1][C][C][=O],L,neu,0,0,beta,NO,mid,0,0,1,3,C,[C],small,0,0,0,0,0
VMUGPAOPQPGDBQ-ZCFIWIBFSA-N,N08,[N08],S,CNC(=O)C[C@H](CO)NC(C)=O,[C][N][C][=Branch1][C][=O][C][C@H1][Branch1][Ring1][C][O][N][C][Branch1][C][C][=O],D,neu,0,0,beta,NO,mid,0,0,1,3,CO,[C][O],small,0,1,1,1,1
SQQPCZIEADVYMG-ZCFIWIBFSA-N,N09,[N09],C,CNC(=O)C[C@H](CS)NC(C)=O,[C][N][C][=Branch1][C][=O][C][C@H1][Branch1][Ring1][C][S][N][C][Branch1][C][C][=O],D,neu,0,0,beta,NO,mid,0,0,1,3,CS,[C][S],small,0,1,1,0,0
RUARCDUGKOYQTQ-ZCFIWIBFSA-M,N10,[N10],D,CNC(=O)C[C@H](CC(=O)[O-])NC(C)=O,[C][N][C][=Branch1][C][=O][C][C@H1][Branch1][#Branch1][C][C][=Branch1][C][=O][O-1][N][C][Branch1][C][C][=O],D,neg,0,0,beta,NO,mid,0,0,1,3,CC(=O)[O-],[C][C][=Branch1][C][=O][O-1],med,0,2,1,0,2
YYSWHMMMVNNCBM-LURJTMIESA-N,K02,[K02],N,CNC(=O)C[C@H](CC(N)=O)NC(C)=O,[C][N][C][=Branch1][C][=O][C][C@H1][Branch1][#Branch1][C][C][Branch1][C][N][=O][N][C][Branch1][C][C][=O],L,neu,0,0,beta,NO,mid,0,0,1,3,CC(N)=O,[C][C][Branch1][C][N][=O],med,0,2,1,1,2
VPQHCSZJQXDNBR-MRVPVSSYSA-N,N11,[N11],V,CNC(=O)C[C@@H](NC(C)=O)C(C)C,[C][N][C][=Branch1][C][=O][C][C@@H1][Branch1][#Branch1][N][C][Branch1][C][C][=O][C][Branch1][C][C][C],D,neu,0,0,beta,NO,mid,0,0,1,3,CCC,[C][C][C],small,0,1,0,0,0
IEWOCYXKFCXBPL-SSDOTTSWSA-N,N12,[N12],M,CNC(=O)C[C@H](CSC)NC(C)=O,[C][N][C][=Branch1][C][=O][C][C@H1][Branch1][Ring2][C][S][C][N][C][Branch1][C][C][=O],D,neu,0,0,beta,NO,mid,0,0,1,3,CSC,[C][S][C],small,0,2,1,0,0
NGJDISPTJGRZCV-IYSWYEEDSA-N,N13,[N13],T,CNC(=O)C[C@@H](NC(C)=O)[C@@H](C)O,[C][N][C][=Branch1][C][=O][C][C@@H1][Branch1][#Branch1][N][C][Branch1][C][C][=O][C@@H1][Branch1][C][C][O],D,neu,0,0,beta,NO,mid,0,0,1,3,CCO,[C][C][O],small,1,1,1,1,1
XRJAAJHQMSVJSX-ZETCQYMHSA-M,K03,[K03],E,CNC(=O)C[C@H](CCC(=O)[O-])NC(C)=O,[C][N][C][=Branch1][C][=O][C][C@H1][Branch1][Branch2][C][C][C][=Branch1][C][=O][O-1][N][C][Branch1][C][C][=O],L,neg,0,0,beta,NO,mid,0,0,1,3,CCC(=O)[O-],[C][C][C][=Branch1][C][=O][O-1],large,0,3,1,0,2
XAJZAVZQTGZHJM-ZETCQYMHSA-N,K04,[K04],Q,CNC(=O)C[C@H](CCC(N)=O)NC(C)=O,[C][N][C][=Branch1][C][=O][C][C@H1][Branch1][Branch2][C][C][C][Branch1][C][N][=O][N][C][Branch1][C][C][=O],L,neu,0,0,beta,NO,mid,0,0,1,3,CCC(N)=O,[C][C][C][Branch1][C][N][=O],large,0,3,1,1,2
AWVIRCGCGWVIQY-QMMMGPOBSA-N,K05,[K05],H,CNC(=O)C[C@H](Cc1c[nH]cn1)NC(C)=O,[C][N][C][=Branch1][C][=O][C][C@H1][Branch1][=Branch2][C][C][=C][NH1][C][=N][Ring1][Branch1][N][C][Branch1][C][C][=O],L,neu,1,0,beta,NO,mid,0,0,1,3,Cc1c[nH]cn1,[C][C][=C][NH1][C][=N][Ring1][Branch1],large,0,2,1,0,2
INQPSAWMVCBJEV-QMMMGPOBSA-O,K06,[K06],R,CNC(=O)C[C@H](CCCNC(N)=[NH2+])NC(C)=O,[C][N][C][=Branch1][C][=O][C][C@H1][Branch1][#Branch2][C][C][C][N][C][Branch1][C][N][=NH2+1][N][C][Branch1][C][C][=O],L,pos,0,0,beta,NO,mid,0,0,1,3,CCC[NH2+]C(=[NH2+])[NH3+],[C][C][C][NH2+1][C][=Branch1][C][=NH2+1][NH3+1],large,0,5,1,2,3
SSZRQVFHFTZSJA-VIFPVBQESA-N,K07,[K07],L,CNC(=O)C[C@H](CC(C)C)NC(C)=O,[C][N][C][=Branch1][C][=O][C][C@H1][Branch1][#Branch1][C][C][Branch1][C][C][C][N][C][Branch1][C][C][=O],L,neu,0,0,beta,NO,mid,0,0,1,3,CC(C)C,[C][C][Branch1][C][C][C],med,0,2,0,0,0
QBUKWOAVQVGZIY-IONNQARKSA-N,N14,[N14],I,CC[C@H](C)[C@@H](CC(=O)NC)NC(C)=O,[C][C][C@H1][Branch1][C][C][C@@H1][Branch1][Branch2][C][C][=Branch1][C][=O][N][C][N][C][Branch1][C][C][=O],D,neu,0,0,beta,NO,mid,0,0,1,3,CCCC,[C][C][C][C],med,1,2,0,0,0
FXDOFVNDJVBESL-VIFPVBQESA-O,K08,[K08],K,CNC(=O)C[C@H](CCCC[NH3+])NC(C)=O,[C][N][C][=Branch1][C][=O][C][C@H1][Branch1][=Branch1][C][C][C][C][NH3+1][N][C][Branch1][C][C][=O],L,pos,0,0,beta,NO,mid,0,0,1,3,CCCC[NH3+],[C][C][C][C][NH3+1],large,0,4,1,0,1
FFNOSMXETKWXIN-LBPRGKRZSA-N,K09,[K09],F,CNC(=O)C[C@H](Cc1ccccc1)NC(C)=O,[C][N][C][=Branch1][C][=O][C][C@H1][Branch1][#Branch2][C][C][=C][C][=C][C][=C][Ring1][=Branch1][N][C][Branch1][C][C][=O],L,neu,1,0,beta,NO,mid,0,0,1,3,Cc1ccccc1,[C][C][=C][C][=C][C][=C][Ring1][=Branch1],large,0,2,0,0,0
LMFFNMMMWNKAGQ-NSHDSACASA-N,K10,[K10],Y,CNC(=O)C[C@H](Cc1ccc(O)cc1)NC(C)=O,[C][N][C][=Branch1][C][=O][C][C@H1][Branch1][=N][C][C][=C][C][=C][Branch1][C][O][C][=C][Ring1][#Branch1][N][C][Branch1][C][C][=O],L,neu,1,0,beta,NO,mid,0,0,1,3,Cc1ccc(O)cc1,[C][C][=C][C][=C][Branch1][C][O][C][=C][Ring1][#Branch1],large,0,2,1,1,1
LUSBCHWAEHNCGZ-LBPRGKRZSA-N,K11,[K11],W,CNC(=O)C[C@H](Cc1c[nH]c2ccccc12)NC(C)=O,[C][N][C][=Branch1][C][=O][C][C@H1][Branch1][#C][C][C][=C][NH1][C][=C][C][=C][C][=C][Ring1][=Branch2][Ring1][=Branch1][N][C][Branch1][C][C][=O],L,neu,2,0,beta,NO,mid,0,0,1,3,Cc1c[nH]c2ccccc12,[C][C][=C][NH1][C][=C][C][=C][C][=C][Ring1][=Branch2][Ring1][=Branch1],large,0,2,1,0,1
FMCFWIFGZFAVPH-QMMMGPOBSA-N,k01,[k01],P,CNC(=O)C[C@@H]1CCCN1C(C)=O,[C][N][C][=Branch1][C][=O][C][C@@H1][C][C][C][N][Ring1][Branch1][C][Branch1][C][C][=O],L,neu,0,0,beta,NCY,mid,1,0,1,2,C1CCNC1,[C][C][C][N][C][Ring1][Branch1],small,0,0,0,0,0
LGCCARKYQGNJMX-RXMQYKEDSA-N,N15,[N15],A,CNC(=O)C[C@@H](C)NC(C)=O,[C][N][C][=Branch1][C][=O][C][C@@H1][Branch1][C][C][N][C][Branch1][C][C][=O],D,neu,0,0,beta,NO,mid,0,0,1,3,C,[C],small,0,0,0,0,0
VMUGPAOPQPGDBQ-LURJTMIESA-N,K12,[K12],S,CNC(=O)C[C@@H](CO)NC(C)=O,[C][N][C][=Branch1][C][=O][C][C@@H1][Branch1][Ring1][C][O][N][C][Branch1][C][C][=O],L,neu,0,0,beta,NO,mid,0,0,1,3,CO,[C][O],small,0,1,1,1,1
SQQPCZIEADVYMG-LURJTMIESA-N,K13,[K13],C,CNC(=O)C[C@@H](CS)NC(C)=O,[C][N][C][=Branch1][C][=O][C][C@@H1][Branch1][Ring1][C][S][N][C][Branch1][C][C][=O],L,neu,0,0,beta,NO,mid,0,0,1,3,CS,[C][S],small,0,1,1,0,0
RUARCDUGKOYQTQ-LURJTMIESA-M,K14,[K14],D,CNC(=O)C[C@@H](CC(=O)[O-])NC(C)=O,[C][N][C][=Branch1][C][=O][C][C@@H1][Branch1][#Branch1][C][C][=Branch1][C][=O][O-1][N][C][Branch1][C][C][=O],L,neg,0,0,beta,NO,mid,0,0,1,3,CC(=O)[O-],[C][C][=Branch1][C][=O][O-1],med,0,2,1,0,2
YYSWHMMMVNNCBM-ZCFIWIBFSA-N,N16,[N16],N,CNC(=O)C[C@@H](CC(N)=O)NC(C)=O,[C][N][C][=Branch1][C][=O][C][C@@H1][Branch1][#Branch1][C][C][Branch1][C][N][=O][N][C][Branch1][C][C][=O],D,neu,0,0,beta,NO,mid,0,0,1,3,CC(N)=O,[C][C][Branch1][C][N][=O],med,0,2,1,1,2
VPQHCSZJQXDNBR-QMMMGPOBSA-N,K15,[K15],V,CNC(=O)C[C@H](NC(C)=O)C(C)C,[C][N][C][=Branch1][C][=O][C][C@H1][Branch1][#Branch1][N][C][Branch1][C][C][=O][C][Branch1][C][C][C],L,neu,0,0,beta,NO,mid,0,0,1,3,CCC,[C][C][C],small,0,1,0,0,0
IEWOCYXKFCXBPL-ZETCQYMHSA-N,K16,[K16],M,CNC(=O)C[C@@H](CSC)NC(C)=O,[C][N][C][=Branch1][C][=O][C][C@@H1][Branch1][Ring2][C][S][C][N][C][Branch1][C][C][=O],L,neu,0,0,beta,NO,mid,0,0,1,3,CSC,[C][S][C],small,0,2,1,0,0
NGJDISPTJGRZCV-FSPLSTOPSA-N,K17,[K17],T,CNC(=O)C[C@H](NC(C)=O)[C@H](C)O,[C][N][C][=Branch1][C][=O][C][C@H1][Branch1][#Branch1][N][C][Branch1][C][C][=O][C@H1][Branch1][C][C][O],L,neu,0,0,beta,NO,mid,0,0,1,3,CCO,[C][C][O],small,1,1,1,1,1
XRJAAJHQMSVJSX-SSDOTTSWSA-M,N17,[N17],E,CNC(=O)C[C@@H](CCC(=O)[O-])NC(C)=O,[C][N][C][=Branch1][C][=O][C][C@@H1][Branch1][Branch2][C][C][C][=Branch1][C][=O][O-1][N][C][Branch1][C][C][=O],D,neg,0,0,beta,NO,mid,0,0,1,3,CCC(=O)[O-],[C][C][C][=Branch1][C][=O][O-1],large,0,3,1,0,2
XAJZAVZQTGZHJM-SSDOTTSWSA-N,N18,[N18],Q,CNC(=O)C[C@@H](CCC(N)=O)NC(C)=O,[C][N][C][=Branch1][C][=O][C][C@@H1][Branch1][Branch2][C][C][C][Branch1][C][N][=O][N][C][Branch1][C][C][=O],D,neu,0,0,beta,NO,mid,0,0,1,3,CCC(N)=O,[C][C][C][Branch1][C][N][=O],large,0,3,1,1,2
AWVIRCGCGWVIQY-MRVPVSSYSA-N,N19,[N19],H,CNC(=O)C[C@@H](Cc1c[nH]cn1)NC(C)=O,[C][N][C][=Branch1][C][=O][C][C@@H1][Branch1][=Branch2][C][C][=C][NH1][C][=N][Ring1][Branch1][N][C][Branch1][C][C][=O],D,neu,1,0,beta,NO,mid,0,0,1,3,Cc1c[nH]cn1,[C][C][=C][NH1][C][=N][Ring1][Branch1],large,0,2,1,0,2
INQPSAWMVCBJEV-MRVPVSSYSA-O,N20,[N20],R,CNC(=O)C[C@@H](CCCNC(N)=[NH2+])NC(C)=O,[C][N][C][=Branch1][C][=O][C][C@@H1][Branch1][#Branch2][C][C][C][N][C][Branch1][C][N][=NH2+1][N][C][Branch1][C][C][=O],D,pos,0,0,beta,NO,mid,0,0,1,3,CCC[NH2+]C(=[NH2+])[NH3+],[C][C][C][NH2+1][C][=Branch1][C][=NH2+1][NH3+1],large,0,5,1,2,3
SSZRQVFHFTZSJA-SECBINFHSA-N,N21,[N21],L,CNC(=O)C[C@@H](CC(C)C)NC(C)=O,[C][N][C][=Branch1][C][=O][C][C@@H1][Branch1][#Branch1][C][C][Branch1][C][C][C][N][C][Branch1][C][C][=O],D,neu,0,0,beta,NO,mid,0,0,1,3,CC(C)C,[C][C][Branch1][C][C][C],med,0,2,0,0,0
QBUKWOAVQVGZIY-APPZFPTMSA-N,K18,[K18],I,CC[C@@H](C)[C@H](CC(=O)NC)NC(C)=O,[C][C][C@@H1][Branch1][C][C][C@H1][Branch1][Branch2][C][C][=Branch1][C][=O][N][C][N][C][Branch1][C][C][=O],L,neu,0,0,beta,NO,mid,0,0,1,3,CCCC,[C][C][C][C],med,1,2,0,0,0
FXDOFVNDJVBESL-SECBINFHSA-O,N22,[N22],K,CNC(=O)C[C@@H](CCCC[NH3+])NC(C)=O,[C][N][C][=Branch1][C][=O][C][C@@H1][Branch1][=Branch1][C][C][C][C][NH3+1][N][C][Branch1][C][C][=O],D,pos,0,0,beta,NO,mid,0,0,1,3,CCCC[NH3+],[C][C][C][C][NH3+1],large,0,4,1,0,1
FFNOSMXETKWXIN-GFCCVEGCSA-N,N23,[N23],F,CNC(=O)C[C@@H](Cc1ccccc1)NC(C)=O,[C][N][C][=Branch1][C][=O][C][C@@H1][Branch1][#Branch2][C][C][=C][C][=C][C][=C][Ring1][=Branch1][N][C][Branch1][C][C][=O],D,neu,1,0,beta,NO,mid,0,0,1,3,Cc1ccccc1,[C][C][=C][C][=C][C][=C][Ring1][=Branch1],large,0,2,0,0,0
LMFFNMMMWNKAGQ-LLVKDONJSA-N,N24,[N24],Y,CNC(=O)C[C@@H](Cc1ccc(O)cc1)NC(C)=O,[C][N][C][=Branch1][C][=O][C][C@@H1][Branch1][=N][C][C][=C][C][=C][Branch1][C][O][C][=C][Ring1][#Branch1][N][C][Branch1][C][C][=O],D,neu,1,0,beta,NO,mid,0,0,1,3,Cc1ccc(O)cc1,[C][C][=C][C][=C][Branch1][C][O][C][=C][Ring1][#Branch1],large,0,2,1,1,1
LUSBCHWAEHNCGZ-GFCCVEGCSA-N,N25,[N25],W,CNC(=O)C[C@@H](Cc1c[nH]c2ccccc12)NC(C)=O,[C][N][C][=Branch1][C][=O][C][C@@H1][Branch1][#C][C][C][=C][NH1][C][=C][C][=C][C][=C][Ring1][=Branch2][Ring1][=Branch1][N][C][Branch1][C][C][=O],D,neu,2,0,beta,NO,mid,0,0,1,3,Cc1c[nH]c2ccccc12,[C][C][=C][NH1][C][=C][C][=C][C][=C][Ring1][=Branch2][Ring1][=Branch1],large,0,2,1,0,1
FMCFWIFGZFAVPH-MRVPVSSYSA-N,n01,[n01],P,CNC(=O)C[C@H]1CCCN1C(C)=O,[C][N][C][=Branch1][C][=O][C][C@H1][C][C][C][N][Ring1][Branch1][C][Branch1][C][C][=O],D,neu,0,0,beta,NCY,mid,1,0,1,2,C1CCNC1,[C][C][C][N][C][Ring1][Branch1],small,0,0,0,0,0
BNMWSLPZKITUPD-RXMQYKEDSA-N,N26,[N26],A,CNC(=O)[C@H](C)CNC(C)=O,[C][N][C][=Branch1][C][=O][C@H1][Branch1][C][C][C][N][C][Branch1][C][C][=O],D,neu,0,0,beta,NO,mid,0,0,1,3,C,[C],small,0,0,0,0,0
XVWXOFSHDDYONJ-LURJTMIESA-N,K19,[K19],S,CNC(=O)[C@H](CO)CNC(C)=O,[C][N][C][=Branch1][C][=O][C@H1][Branch1][Ring1][C][O][C][N][C][Branch1][C][C][=O],L,neu,0,0,beta,NO,mid,0,0,1,3,CO,[C][O],small,0,1,1,1,1
QUQPIBSEYFDNTD-LURJTMIESA-N,N27,[N27],C,CNC(=O)[C@H](CS)CNC(C)=O,[C][N][C][=Branch1][C][=O][C@H1][Branch1][Ring1][C][S][C][N][C][Branch1][C][C][=O],D,neu,0,0,beta,NO,mid,0,0,1,3,CS,[C][S],small,0,1,1,0,0
PIZVDGJXCOXVDH-ZCFIWIBFSA-N,N28,[N28],N,CNC(=O)[C@@H](CNC(C)=O)CC(N)=O,[C][N][C][=Branch1][C][=O][C@@H1][Branch1][Branch2][C][N][C][Branch1][C][C][=O][C][C][Branch1][C][N][=O],D,neu,0,0,beta,NO,mid,0,0,1,3,CC(N)=O,[C][C][Branch1][C][N][=O],med,0,2,1,1,2
WSAPDWJSHMJFSH-QMMMGPOBSA-N,N29,[N29],V,CNC(=O)[C@@H](CNC(C)=O)C(C)C,[C][N][C][=Branch1][C][=O][C@@H1][Branch1][Branch2][C][N][C][Branch1][C][C][=O][C][Branch1][C][C][C],D,neu,0,0,beta,NO,mid,0,0,1,3,CCC,[C][C][C],small,0,1,0,0,0
MHQOGGCNDMYPFV-ZETCQYMHSA-N,N30,[N30],M,CNC(=O)[C@@H](CNC(C)=O)CSC,[C][N][C][=Branch1][C][=O][C@@H1][Branch1][Branch2][C][N][C][Branch1][C][C][=O][C][S][C],D,neu,0,0,beta,NO,mid,0,0,1,3,CSC,[C][S][C],small,0,2,1,0,0
QWDUUJWLMGTZQM-VDTYLAMSSA-N,K20,[K20],T,CNC(=O)[C@@H](CNC(C)=O)[C@@H](C)O,[C][N][C][=Branch1][C][=O][C@@H1][Branch1][Branch2][C][N][C][Branch1][C][C][=O][C@@H1][Branch1][C][C][O],L,neu,0,0,beta,NO,mid,0,0,1,3,CCO,[C][C][O],small,1,1,1,1,1
UAMBQLJTLZRVTJ-SSDOTTSWSA-M,N31,[N31],E,CNC(=O)[C@H](CCC(=O)[O-])CNC(C)=O,[C][N][C][=Branch1][C][=O][C@H1][Branch1][Branch2][C][C][C][=Branch1][C][=O][O-1][C][N][C][Branch1][C][C][=O],D,neg,0,0,beta,NO,mid,0,0,1,3,CCC(=O)[O-],[C][C][C][=Branch1][C][=O][O-1],large,0,3,1,0,2
XXMQHUPBWLBYNK-SSDOTTSWSA-N,N32,[N32],Q,CNC(=O)[C@H](CCC(N)=O)CNC(C)=O,[C][N][C][=Branch1][C][=O][C@H1][Branch1][Branch2][C][C][C][Branch1][C][N][=O][C][N][C][Branch1][C][C][=O],D,neu,0,0,beta,NO,mid,0,0,1,3,CCC(N)=O,[C][C][C][Branch1][C][N][=O],large,0,3,1,1,2
CPYIUMSLEWESLW-MRVPVSSYSA-O,N33,[N33],R,CNC(=O)[C@H](CCCNC(N)=[NH2+])CNC(C)=O,[C][N][C][=Branch1][C][=O][C@H1][Branch1][#Branch2][C][C][C][N][C][Branch1][C][N][=NH2+1][C][N][C][Branch1][C][C][=O],D,pos,0,0,beta,NO,mid,0,0,1,3,CCC[NH2+]C(=[NH2+])[NH3+],[C][C][C][NH2+1][C][=Branch1][C][=NH2+1][NH3+1],large,0,5,1,2,3
GADUFQYZQUISAG-SECBINFHSA-N,N34,[N34],L,CNC(=O)[C@@H](CNC(C)=O)CC(C)C,[C][N][C][=Branch1][C][=O][C@@H1][Branch1][Branch2][C][N][C][Branch1][C][C][=O][C][C][Branch1][C][C][C],D,neu,0,0,beta,NO,mid,0,0,1,3,CC(C)C,[C][C][Branch1][C][C][C],med,0,2,0,0,0
DXAFEVCUSGQZAD-CBAPKCEASA-N,N35,[N35],I,CC[C@H](C)[C@H](CNC(C)=O)C(=O)NC,[C][C][C@H1][Branch1][C][C][C@H1][Branch1][Branch2][C][N][C][Branch1][C][C][=O][C][=Branch1][C][=O][N][C],D,neu,0,0,beta,NO,mid,0,0,1,3,CCCC,[C][C][C][C],med,1,2,0,0,0
OVTIAEQMFNBPBP-SECBINFHSA-O,N36,[N36],K,CNC(=O)[C@H](CCCC[NH3+])CNC(C)=O,[C][N][C][=Branch1][C][=O][C@H1][Branch1][=Branch1][C][C][C][C][NH3+1][C][N][C][Branch1][C][C][=O],D,pos,0,0,beta,NO,mid,0,0,1,3,CCCC[NH3+],[C][C][C][C][NH3+1],large,0,4,1,0,1
IYHHBZLHACWUOF-GFCCVEGCSA-N,N37,[N37],F,CNC(=O)[C@@H](CNC(C)=O)Cc1ccccc1,[C][N][C][=Branch1][C][=O][C@@H1][Branch1][Branch2][C][N][C][Branch1][C][C][=O][C][C][=C][C][=C][C][=C][Ring1][=Branch1],D,neu,1,0,beta,NO,mid,0,0,1,3,Cc1ccccc1,[C][C][=C][C][=C][C][=C][Ring1][=Branch1],large,0,2,0,0,0
ZTODKDXWUIUFFT-LLVKDONJSA-N,N38,[N38],Y,CNC(=O)[C@@H](CNC(C)=O)Cc1ccc(O)cc1,[C][N][C][=Branch1][C][=O][C@@H1][Branch1][Branch2][C][N][C][Branch1][C][C][=O][C][C][=C][C][=C][Branch1][C][O][C][=C][Ring1][#Branch1],D,neu,1,0,beta,NO,mid,0,0,1,3,Cc1ccc(O)cc1,[C][C][=C][C][=C][Branch1][C][O][C][=C][Ring1][#Branch1],large,0,2,1,1,1
YQOXUSMLSXEASX-GFCCVEGCSA-N,N39,[N39],W,CNC(=O)[C@@H](CNC(C)=O)Cc1c[nH]c2ccccc12,[C][N][C][=Branch1][C][=O][C@@H1][Branch1][Branch2][C][N][C][Branch1][C][C][=O][C][C][=C][NH1][C][=C][C][=C][C][=C][Ring1][=Branch2][Ring1][=Branch1],D,neu,2,0,beta,NO,mid,0,0,1,3,Cc1c[nH]c2ccccc12,[C][C][=C][NH1][C][=C][C][=C][C][=C][Ring1][=Branch2][Ring1][=Branch1],large,0,2,1,0,1
FRICEKXBXIZNCM-MRVPVSSYSA-N,n02,[n02],P,CNC(=O)[C@@H]1CCCN(C(C)=O)C1,[C][N][C][=Branch1][C][=O][C@@H1][C][C][C][N][Branch1][=Branch1][C][Branch1][C][C][=O][C][Ring1][=Branch2],D,neu,0,0,beta,NCY,mid,1,0,1,1,C1CCNCC1,[C][C][C][N][C][C][Ring1][=Branch1],small,0,0,0,0,0
AAIPVFOKCQYVGD-MRVPVSSYSA-N,N40,[N40],H,CNC(=O)[C@@H](CNC(C)=O)Cc1c[nH]cn1,[C][N][C][=Branch1][C][=O][C@@H1][Branch1][Branch2][C][N][C][Branch1][C][C][=O][C][C][=C][NH1][C][=N][Ring1][Branch1],D,neu,1,0,beta,NO,mid,0,0,1,3,Cc1c[nH]cn1,[C][C][=C][NH1][C][=N][Ring1][Branch1],large,0,2,1,0,2
BNMWSLPZKITUPD-YFKPBYRVSA-N,K21,[K21],A,CNC(=O)[C@@H](C)CNC(C)=O,[C][N][C][=Branch1][C][=O][C@@H1][Branch1][C][C][C][N][C][Branch1][C][C][=O],L,neu,0,0,beta,NO,mid,0,0,1,3,C,[C],small,0,0,0,0,0
XVWXOFSHDDYONJ-ZCFIWIBFSA-N,N41,[N41],S,CNC(=O)[C@@H](CO)CNC(C)=O,[C][N][C][=Branch1][C][=O][C@@H1][Branch1][Ring1][C][O][C][N][C][Branch1][C][C][=O],D,neu,0,0,beta,NO,mid,0,0,1,3,CO,[C][O],small,0,1,1,1,1
QUQPIBSEYFDNTD-ZCFIWIBFSA-N,K22,[K22],C,CNC(=O)[C@@H](CS)CNC(C)=O,[C][N][C][=Branch1][C][=O][C@@H1][Branch1][Ring1][C][S][C][N][C][Branch1][C][C][=O],L,neu,0,0,beta,NO,mid,0,0,1,3,CS,[C][S],small,0,1,1,0,0
AAQGVBYQNOXFCG-LURJTMIESA-M,K23,[K23],D,C[N-]C(=O)[C@H](CNC(C)=O)CC([O])=O,[C][N-1][C][=Branch1][C][=O][C@H1][Branch1][Branch2][C][N][C][Branch1][C][C][=O][C][C][Branch1][C][OH0][=O],L,neg,0,0,beta,NO,mid,0,0,1,3,CC([O])=O,[C][C][Branch1][C][OH0][=O],med,0,2,1,0,2
PIZVDGJXCOXVDH-LURJTMIESA-N,K24,[K24],N,CNC(=O)[C@H](CNC(C)=O)CC(N)=O,[C][N][C][=Branch1][C][=O][C@H1][Branch1][Branch2][C][N][C][Branch1][C][C][=O][C][C][Branch1][C][N][=O],L,neu,0,0,beta,NO,mid,0,0,1,3,CC(N)=O,[C][C][Branch1][C][N][=O],med,0,2,1,1,2
WSAPDWJSHMJFSH-MRVPVSSYSA-N,K25,[K25],V,CNC(=O)[C@H](CNC(C)=O)C(C)C,[C][N][C][=Branch1][C][=O][C@H1][Branch1][Branch2][C][N][C][Branch1][C][C][=O][C][Branch1][C][C][C],L,neu,0,0,beta,NO,mid,0,0,1,3,CCC,[C][C][C],small,0,1,0,0,0
MHQOGGCNDMYPFV-SSDOTTSWSA-N,K26,[K26],M,CNC(=O)[C@H](CNC(C)=O)CSC,[C][N][C][=Branch1][C][=O][C@H1][Branch1][Branch2][C][N][C][Branch1][C][C][=O][C][S][C],L,neu,0,0,beta,NO,mid,0,0,1,3,CSC,[C][S][C],small,0,2,1,0,0
QWDUUJWLMGTZQM-CAHLUQPWSA-N,N42,[N42],T,CNC(=O)[C@H](CNC(C)=O)[C@H](C)O,[C][N][C][=Branch1][C][=O][C@H1][Branch1][Branch2][C][N][C][Branch1][C][C][=O][C@H1][Branch1][C][C][O],D,neu,0,0,beta,NO,mid,0,0,1,3,CCO,[C][C][O],small,1,1,1,1,1
UAMBQLJTLZRVTJ-ZETCQYMHSA-M,K27,[K27],E,CNC(=O)[C@@H](CCC(=O)[O-])CNC(C)=O,[C][N][C][=Branch1][C][=O][C@@H1][Branch1][Branch2][C][C][C][=Branch1][C][=O][O-1][C][N][C][Branch1][C][C][=O],L,neg,0,0,beta,NO,mid,0,0,1,3,CCC(=O)[O-],[C][C][C][=Branch1][C][=O][O-1],large,0,3,1,0,2
XXMQHUPBWLBYNK-ZETCQYMHSA-N,K28,[K28],Q,CNC(=O)[C@@H](CCC(N)=O)CNC(C)=O,[C][N][C][=Branch1][C][=O][C@@H1][Branch1][Branch2][C][C][C][Branch1][C][N][=O][C][N][C][Branch1][C][C][=O],L,neu,0,0,beta,NO,mid,0,0,1,3,CCC(N)=O,[C][C][C][Branch1][C][N][=O],large,0,3,1,1,2
GADUFQYZQUISAG-VIFPVBQESA-N,K29,[K29],L,CNC(=O)[C@H](CNC(C)=O)CC(C)C,[C][N][C][=Branch1][C][=O][C@H1][Branch1][Branch2][C][N][C][Branch1][C][C][=O][C][C][Branch1][C][C][C],L,neu,0,0,beta,NO,mid,0,0,1,3,CC(C)C,[C][C][Branch1][C][C][C],med,0,2,0,0,0
DXAFEVCUSGQZAD-VXNVDRBHSA-N,K30,[K30],I,CC[C@@H](C)[C@@H](CNC(C)=O)C(=O)NC,[C][C][C@@H1][Branch1][C][C][C@@H1][Branch1][Branch2][C][N][C][Branch1][C][C][=O][C][=Branch1][C][=O][N][C],L,neu,0,0,beta,NO,mid,0,0,1,3,CCCC,[C][C][C][C],med,1,2,0,0,0
OVTIAEQMFNBPBP-VIFPVBQESA-O,K31,[K31],K,CNC(=O)[C@@H](CCCC[NH3+])CNC(C)=O,[C][N][C][=Branch1][C][=O][C@@H1][Branch1][=Branch1][C][C][C][C][NH3+1][C][N][C][Branch1][C][C][=O],L,pos,0,0,beta,NO,mid,0,0,1,3,CCCC[NH3+],[C][C][C][C][NH3+1],large,0,4,1,0,1
IYHHBZLHACWUOF-LBPRGKRZSA-N,K32,[K32],F,CNC(=O)[C@H](CNC(C)=O)Cc1ccccc1,[C][N][C][=Branch1][C][=O][C@H1][Branch1][Branch2][C][N][C][Branch1][C][C][=O][C][C][=C][C][=C][C][=C][Ring1][=Branch1],L,neu,1,0,beta,NO,mid,0,0,1,3,Cc1ccccc1,[C][C][=C][C][=C][C][=C][Ring1][=Branch1],large,0,2,0,0,0
ZTODKDXWUIUFFT-NSHDSACASA-N,K33,[K33],Y,CNC(=O)[C@H](CNC(C)=O)Cc1ccc(O)cc1,[C][N][C][=Branch1][C][=O][C@H1][Branch1][Branch2][C][N][C][Branch1][C][C][=O][C][C][=C][C][=C][Branch1][C][O][C][=C][Ring1][#Branch1],L,neu,1,0,beta,NO,mid,0,0,1,3,Cc1ccc(O)cc1,[C][C][=C][C][=C][Branch1][C][O][C][=C][Ring1][#Branch1],large,0,2,1,1,1
YQOXUSMLSXEASX-LBPRGKRZSA-N,K34,[K34],W,CNC(=O)[C@H](CNC(C)=O)Cc1c[nH]c2ccccc12,[C][N][C][=Branch1][C][=O][C@H1][Branch1][Branch2][C][N][C][Branch1][C][C][=O][C][C][=C][NH1][C][=C][C][=C][C][=C][Ring1][=Branch2][Ring1][=Branch1],L,neu,2,0,beta,NO,mid,0,0,1,3,Cc1c[nH]c2ccccc12,[C][C][=C][NH1][C][=C][C][=C][C][=C][Ring1][=Branch2][Ring1][=Branch1],large,0,2,1,0,1
FRICEKXBXIZNCM-QMMMGPOBSA-N,k02,[k02],P,CNC(=O)[C@H]1CCCN(C(C)=O)C1,[C][N][C][=Branch1][C][=O][C@H1][C][C][C][N][Branch1][=Branch1][C][Branch1][C][C][=O][C][Ring1][=Branch2],L,neu,0,0,beta,NCY,mid,1,0,1,1,C1CCNCC1,[C][C][C][N][C][C][Ring1][=Branch1],small,0,0,0,0,0
AAIPVFOKCQYVGD-QMMMGPOBSA-N,K35,[K35],H,CNC(=O)[C@H](CNC(C)=O)Cc1c[nH]cn1,[C][N][C][=Branch1][C][=O][C@H1][Branch1][Branch2][C][N][C][Branch1][C][C][=O][C][C][=C][NH1][C][=N][Ring1][Branch1],L,neu,1,0,beta,NO,mid,0,0,1,3,Cc1c[nH]cn1,[C][C][=C][NH1][C][=N][Ring1][Branch1],large,0,2,1,0,2
XRFDTTKSGOYRAC-WDEREUQCSA-N,K36,[K36],F,CNC(=O)[C@H]1c2ccccc2[C@H]1NC(C)=O,[C][N][C][=Branch1][C][=O][C@H1][C][=C][C][=C][C][=C][Ring1][=Branch1][C@H1][Ring1][Branch2][N][C][Branch1][C][C][=O],L,neu,1,0,beta,NO,mid,0,1,2,2,c1ccc2c(c1)CC2,[C][=C][C][=C][C][=Branch1][Ring2][=C][Ring1][=Branch1][C][C][Ring1][Branch1],large,0,0,0,0,0
AYGNHOXYEFZWSR-ZDUSSCGKSA-N,A184,[A184],W,CNC(=O)[C@H](Cc1ccc2cc[nH]c2c1C)NC(C)=O,[C][N][C][=Branch1][C][=O][C@H1][Branch1][S][C][C][=C][C][=C][C][=C][NH1][C][Ring1][Branch1][=C][Ring1][=Branch2][C][N][C][Branch1][C][C][=O],L,neu,2,0,alpha,NO,std,0,0,1,2,Cc1ccc2cc[nH]c2c1C,[C][C][=C][C][=C][C][=C][NH1][C][Ring1][Branch1][=C][Ring1][=Branch2][C],large,0,2,1,0,1
IRRRNZWTFNJPJB-NSHDSACASA-N,A185,[A185],W,CNC(=O)[C@H](Cc1ccc2cc[nH]c2c1Cl)NC(C)=O,[C][N][C][=Branch1][C][=O][C@H1][Branch1][S][C][C][=C][C][=C][C][=C][NH1][C][Ring1][Branch1][=C][Ring1][=Branch2][Cl][N][C][Branch1][C][C][=O],L,neu,2,1,alpha,NO,std,0,0,1,2,Cc1ccc2cc[nH]c2c1Cl,[C][C][=C][C][=C][C][=C][NH1][C][Ring1][Branch1][=C][Ring1][=Branch2][Cl],large,0,2,1,0,1
MGLNEKXMOCILEL-LURJTMIESA-N,A186,[A186],E,CNC(=O)[C@H](CCC(=O)O)NC(C)=O,[C][N][C][=Branch1][C][=O][C@H1][Branch1][Branch2][C][C][C][=Branch1][C][=O][O][N][C][Branch1][C][C][=O],L,neg,0,0,alpha,NO,std,0,0,1,2,CCC(=O)[O-],[C][C][C][=Branch1][C][=O][O-1],large,0,3,1,0,2
QNFAFISGVWPPJO-VIFPVBQESA-N,a31,[a31],I,CCCC[C@@H](C(=O)NC)N(C)C(C)=O,[C][C][C][C][C@@H1][Branch1][#Branch1][C][=Branch1][C][=O][N][C][N][Branch1][C][C][C][Branch1][C][C][=O],L,neu,0,0,alpha,NME,std,0,0,1,2,CCCC,[C][C][C][C],med,0,3,0,0,0
CGEUALRUJSIKBL-STQMWFEESA-N,S26,[S26],F,CNC(=O)C[C@H](O)[C@H](Cc1ccccc1)NC(C)=O,[C][N][C][=Branch1][C][=O][C][C@H1][Branch1][C][O][C@H1][Branch1][#Branch2][C][C][=C][C][=C][C][=C][Ring1][=Branch1][N][C][Branch1][C][C][=O],L,neu,1,0,gamma,NO,long,0,0,2,4,O.Cc1ccccc1,[O].[C][C][=C][C][=C][C][=C][Ring1][=Branch1],large,0,2,1,1,1
CAMZBECAWZEDHQ-CYBMUJFWSA-N,N43,[N43],F,CNC(=O)C[C@@H](CCc1ccccc1)NC(C)=O,[C][N][C][=Branch1][C][=O][C][C@@H1][Branch1][O][C][C][C][=C][C][=C][C][=C][Ring1][=Branch1][N][C][Branch1][C][C][=O],D,neu,1,0,beta,NO,mid,0,0,1,3,CCc1ccccc1,[C][C][C][=C][C][=C][C][=C][Ring1][=Branch1],large,0,3,0,0,0
CAMZBECAWZEDHQ-ZDUSSCGKSA-N,K37,[K37],F,CNC(=O)C[C@H](CCc1ccccc1)NC(C)=O,[C][N][C][=Branch1][C][=O][C][C@H1][Branch1][O][C][C][C][=C][C][=C][C][=C][Ring1][=Branch1][N][C][Branch1][C][C][=O],L,neu,1,0,beta,NO,mid,0,0,1,3,CCc1ccccc1,[C][C][C][=C][C][=C][C][=C][Ring1][=Branch1],large,0,3,0,0,0
BTABBNRAZYMWMC-HNNXBMFYSA-N,K38,[K38],F,CNC(=O)C[C@H](Cc1ccc(C(C)(C)C)cc1)NC(C)=O,[C][N][C][=Branch1][C][=O][C][C@H1][Branch2][Ring1][Ring2][C][C][=C][C][=C][Branch1][=Branch2][C][Branch1][C][C][Branch1][C][C][C][C][=C][Ring1][#Branch2][N][C][Branch1][C][C][=O],L,neu,1,0,beta,NO,mid,0,0,1,3,Cc1ccc(C(C)(C)C)cc1,[C][C][=C][C][=C][Branch1][=Branch2][C][Branch1][C][C][Branch1][C][C][C][C][=C][Ring1][#Branch2],large,0,3,0,0,0
BTABBNRAZYMWMC-OAHLLOKOSA-N,N44,[N44],F,CNC(=O)C[C@@H](Cc1ccc(C(C)(C)C)cc1)NC(C)=O,[C][N][C][=Branch1][C][=O][C][C@@H1][Branch2][Ring1][Ring2][C][C][=C][C][=C][Branch1][=Branch2][C][Branch1][C][C][Branch1][C][C][C][C][=C][Ring1][#Branch2][N][C][Branch1][C][C][=O],D,neu,1,0,beta,NO,mid,0,0,1,3,Cc1ccc(C(C)(C)C)cc1,[C][C][=C][C][=C][Branch1][=Branch2][C][Branch1][C][C][Branch1][C][C][C][C][=C][Ring1][#Branch2],large,0,3,0,0,0
QOUOJDRORAUAJP-LLVKDONJSA-N,N45,[N45],F,CNC(=O)C[C@@H](Cc1ccc([N+](=O)[O-])cc1)NC(C)=O,[C][N][C][=Branch1][C][=O][C][C@@H1][Branch1][P][C][C][=C][C][=C][Branch1][=Branch1][N+1][=Branch1][C][=O][O-1][C][=C][Ring1][=Branch2][N][C][Branch1][C][C][=O],D,zwi,1,0,beta,NO,mid,0,0,1,3,Cc1ccc([N+](=O)[O-])cc1,[C][C][=C][C][=C][Branch1][=Branch1][N+1][=Branch1][C][=O][O-1][C][=C][Ring1][=Branch2],large,0,3,1,0,3
WOZZEFFTTGUWPV-CYBMUJFWSA-N,N46,[N46],F,CNC(=O)C[C@@H](Cc1cccc(C#N)c1)NC(C)=O,[C][N][C][=Branch1][C][=O][C][C@@H1][Branch1][=C][C][C][=C][C][=C][C][Branch1][Ring1][C][#N][=C][Ring1][Branch2][N][C][Branch1][C][C][=O],D,neu,1,0,beta,NO,mid,0,0,1,3,Cc1cccc(C#N)c1,[C][C][=C][C][=C][C][Branch1][Ring1][C][#N][=C][Ring1][Branch2],large,0,2,1,0,1
RLHSJVFEMKHRDJ-LLVKDONJSA-N,E07,[E07],F,CNC(=O)[C@@H](Cc1ccccc1)NC(C)=O,[C][N][C][=Branch1][C][=O][C@@H1][Branch1][#Branch2][C][C][=C][C][=C][C][=C][Ring1][=Branch1][N][C][Branch1][C][C][=O],D,neu,1,0,alpha,NO,std,0,0,1,2,Cc1ccccc1,[C][C][=C][C][=C][C][=C][Ring1][=Branch1],large,0,2,0,0,0
WUDOFBDLCSVFHG-NSHDSACASA-N,K39,[K39],F,CNC(=O)C[C@H](NC(C)=O)c1ccccc1,[C][N][C][=Branch1][C][=O][C][C@H1][Branch1][#Branch1][N][C][Branch1][C][C][=O][C][=C][C][=C][C][=C][Ring1][=Branch1],L,neu,1,0,beta,NO,mid,0,0,1,3,c1ccccc1,[C][=C][C][=C][C][=C][Ring1][=Branch1],large,0,1,0,0,0
QKGXCKHAHGZIMZ-MRZGDXHCSA-N,K40,[K40],F,CNC(=O)C[C@H](C/C=C/c1ccccc1)NC(C)=O,[C][N][C][=Branch1][C][=O][C][C@H1][Branch1][N][C][/C][=C][/C][=C][C][=C][C][=C][Ring1][=Branch1][N][C][Branch1][C][C][=O],L,neu,1,0,beta,NO,mid,0,0,1,3,CC=Cc1ccccc1,[C][C][=C][C][=C][C][=C][C][=C][Ring1][=Branch1],large,0,3,0,0,0
ZJZBXFZHRWITIQ-SNVBAGLBSA-N,U15,[U15],L,CNC(=O)CC[C@H](CC(C)C)NC(C)=O,[C][N][C][=Branch1][C][=O][C][C][C@H1][Branch1][#Branch1][C][C][Branch1][C][C][C][N][C][Branch1][C][C][=O],D,neu,0,0,gamma,NO,long,0,0,1,4,CC(C)C,[C][C][Branch1][C][C][C],med,0,2,0,0,0
GFQFFCFJVLJXRY-MRVPVSSYSA-N,E08,[E08],L,CNC(=O)[C@@H](CC(C)C)NC(C)=O,[C][N][C][=Branch1][C][=O][C@@H1][Branch1][#Branch1][C][C][Branch1][C][C][C][N][C][Branch1][C][C][=O],D,neu,0,0,alpha,NO,std,0,0,1,2,CC(C)C,[C][C][Branch1][C][C][C],med,0,2,0,0,0
PQCHGTKGZHKFJG-QMMMGPOBSA-N,N47,[N47],M,CNC(=O)C[C@H](CCSC)NC(C)=O,[C][N][C][=Branch1][C][=O][C][C@H1][Branch1][Branch1][C][C][S][C][N][C][Branch1][C][C][=O],D,neu,0,0,beta,NO,mid,0,0,1,3,CCSC,[C][C][S][C],med,0,3,1,0,0
HSCXDZSUMIOGJN-MRVPVSSYSA-N,N48,[N48],A,C=CC[C@H](CC(=O)NC)NC(C)=O,[C][=C][C][C@H1][Branch1][Branch2][C][C][=Branch1][C][=O][N][C][N][C][Branch1][C][C][=O],D,neu,0,0,beta,NO,mid,0,0,1,3,C=CC,[C][=C][C],small,0,2,0,0,0
HSCXDZSUMIOGJN-QMMMGPOBSA-N,K41,[K41],A,C=CC[C@@H](CC(=O)NC)NC(C)=O,[C][=C][C][C@@H1][Branch1][Branch2][C][C][=Branch1][C][=O][N][C][N][C][Branch1][C][C][=O],L,neu,0,0,beta,NO,mid,0,0,1,3,C=CC,[C][=C][C],small,0,2,0,0,0
SUPIXULRFWGKPS-MRVPVSSYSA-N,N49,[N49],A,C#CC[C@H](CC(=O)NC)NC(C)=O,[C][#C][C][C@H1][Branch1][Branch2][C][C][=Branch1][C][=O][N][C][N][C][Branch1][C][C][=O],D,neu,0,0,beta,NO,mid,0,0,1,3,C#CC,[C][#C][C],small,0,1,0,0,0
SUPIXULRFWGKPS-QMMMGPOBSA-N,K42,[K42],A,C#CC[C@@H](CC(=O)NC)NC(C)=O,[C][#C][C][C@@H1][Branch1][Branch2][C][C][=Branch1][C][=O][N][C][N][C][Branch1][C][C][=O],L,neu,0,0,beta,NO,mid,0,0,1,3,C#CC,[C][#C][C],small,0,1,0,0,0
UBNSKVSQBFGSDL-LURJTMIESA-N,S27,[S27],A,CNC(=O)CC[C@H](C)NC(C)=O,[C][N][C][=Branch1][C][=O][C][C][C@H1][Branch1][C][C][N][C][Branch1][C][C][=O],L,neu,0,0,gamma,NO,long,0,0,1,4,C,[C],small,0,0,0,0,0
YRGXNPZZGUAONQ-SECBINFHSA-N,E09,[E09],I,CNC(=O)[C@@H](CCC(C)C)NC(C)=O,[C][N][C][=Branch1][C][=O][C@@H1][Branch1][Branch2][C][C][C][Branch1][C][C][C][N][C][Branch1][C][C][=O],D,neu,0,0,alpha,NO,std,0,0,1,2,CCC(C)C,[C][C][C][Branch1][C][C][C],large,0,3,0,0,0
FQBKDVZKBXHXRS-YFKPBYRVSA-N,A187,[A187],D,CNC(=O)[C@H](CC(=O)O)NC(C)=O,[C][N][C][=Branch1][C][=O][C@H1][Branch1][#Branch1][C][C][=Branch1][C][=O][O][N][C][Branch1][C][C][=O],L,neg,0,0,alpha,NO,std,0,0,1,2,CC(=O)[O-],[C][C][=Branch1][C][=O][O-1],med,0,2,1,0,2
XPPFXFIWFCXUDA-UHFFFAOYSA-N,Q06,[Q06],G,CNC(=O)CCNC(C)=O,[C][N][C][=Branch1][C][=O][C][C][N][C][Branch1][C][C][=O],A,neu,0,0,beta,NO,mid,0,0,0,3,[H],,small,0,0,0,0,0
UXNHSCSOCKZTDI-UHFFFAOYSA-N,i01,[i01],G,CNC(=O)CN(C)C(C)=O,[C][N][C][=Branch1][C][=O][C][N][Branch1][C][C][C][Branch1][C][C][=O],A,neu,0,0,alpha,NME,std,0,0,0,2,[H],,small,0,0,0,0,0
VHCVPWSUVMHJLL-SCSAIBSYSA-N,E10,[E10],A,CNC(=O)[C@@H](C)NC(C)=O,[C][N][C][=Branch1][C][=O][C@@H1][Branch1][C][C][N][C][Branch1][C][C][=O],D,neu,0,0,alpha,NO,std,0,0,1,2,C,[C],small,0,0,0,0,0
UIYIISVHCGDCMH-AWEZNQCLSA-N,A188,[A188],W,CNC(=O)[C@H](Cc1c(C)[nH]c2ccccc12)NC(C)=O,[C][N][C][=Branch1][C][=O][C@H1][Branch2][Ring1][C][C][C][=C][Branch1][C][C][NH1][C][=C][C][=C][C][=C][Ring1][#Branch2][Ring1][=Branch1][N][C][Branch1][C][C][=O],L,neu,2,0,alpha,NO,std,0,0,1,2,Cc1[nH]c2ccccc2c1C,[C][C][NH1][C][=C][C][=C][C][=C][Ring1][=Branch1][C][=Ring1][=Branch2][C],large,0,2,1,0,1
ZWZYEGJGMUDLCB-MRVPVSSYSA-N,E11,[E11],I,CCCC[C@@H](NC(C)=O)C(=O)NC,[C][C][C][C][C@@H1][Branch1][#Branch1][N][C][Branch1][C][C][=O][C][=Branch1][C][=O][N][C],D,neu,0,0,alpha,NO,std,0,0,1,2,CCCC,[C][C][C][C],med,0,3,0,0,0
